target_date,actual_close,linear,quadratic,last_close_baseline
2022-01-03,99.88150787353516,100.67670745849611,98.30282580057784,98.94767761230469
2022-01-04,102.29792022705078,100.8365188598633,98.33266855875652,99.88150787353516
2022-01-05,101.26781463623047,101.25112915039064,101.75655810038252,102.29792022705078
2022-01-06,101.60476684570312,101.60669250488284,102.31990038553879,101.26781463623047
2022-01-07,102.44232940673828,101.93594207763677,102.86575609842942,101.60476684570312
2022-01-10,101.4892349243164,102.60727233886722,103.47612368265787,102.44232940673828
2022-01-11,102.66374206542969,102.71702117919926,102.58303629557295,101.4892349243164
2022-01-12,102.7022705078125,103.27731424967452,102.48949152628585,102.66374206542969
2022-01-13,103.19324493408203,103.52313334147136,102.33097813924155,102.7022705078125
2022-01-14,104.050048828125,103.69193013509118,102.74125480651851,103.19324493408203
2022-01-18,102.71188354492188,103.93196309407556,104.10444653828942,104.050048828125
2022-01-19,101.37371826171875,103.54559326171879,103.86649576822921,102.71188354492188
2022-01-20,100.32437133789062,103.07964223225916,101.61952807108565,101.37371826171875
2022-01-21,98.40856170654297,101.98087107340498,99.58773536682136,100.32437133789062
2022-01-24,99.08245086669922,100.26852620442712,96.89181467692057,98.40856170654297
2022-01-25,98.79362487792969,99.26216735839849,96.07878913879401,99.08245086669922
2022-01-26,97.01261901855469,98.11011149088544,96.54729232788087,98.79362487792969
2022-01-27,95.13533020019531,96.73856252034506,95.81996943155923,97.01261901855469
2022-01-28,95.97288513183594,95.00311381022136,94.52736701965335,95.13533020019531
2022-01-31,97.35921478271484,94.23807627360027,95.08204752604172,95.97288513183594
2022-02-01,98.52407836914062,94.73740895589191,96.56176312764487,97.35921478271484
2022-02-02,99.1209487915039,95.79189860026045,98.66641413370773,98.52407836914062
2022-02-03,98.48558807373047,97.00747934977217,100.44116338094081,99.1209487915039
2022-02-04,98.60110473632812,97.839274597168,100.58141059875489,98.48558807373047
2022-02-07,99.8911361694336,98.3289794921875,100.84727668762204,98.60110473632812
2022-02-08,101.13304138183594,99.50156453450525,101.24326629638676,99.8911361694336
2022-02-09,102.35568237304688,101.03997904459638,101.55984471639003,101.13304138183594
2022-02-10,101.61441040039062,102.43655395507814,102.44537734985353,102.35568237304688
2022-02-11,101.25819396972656,102.67980550130211,102.67259063720705,101.61441040039062
2022-02-14,100.20882415771484,102.57197977701827,102.3786420186361,101.25819396972656
2022-02-15,101.95133972167969,102.0617401123047,100.90245933532717,100.20882415771484
2022-02-16,102.9814453125,102.3691630045573,101.1601398468018,101.95133972167969
2022-02-17,101.65288543701172,103.01930948893231,101.91539713541667,102.9814453125
2022-02-18,100.41100311279297,102.71123606363935,101.4613015492757,101.65288543701172
2022-02-22,99.02471160888672,101.72606099446615,100.51624755859375,100.41100311279297
2022-02-23,97.89832305908203,100.40971781412762,98.89746945699052,99.02471160888672
2022-02-24,100.59392547607422,99.03175557454429,97.01648979187006,97.89832305908203
2022-02-25,103.6168212890625,99.27371978759767,98.16581662495933,100.59392547607422
2022-02-28,107.72761535644531,100.64462025960287,102.03894551595053,103.6168212890625
2022-03-01,106.58198547363281,103.43135325113934,108.32994524637861,107.72761535644531
2022-03-02,107.38105010986328,105.04870758056643,111.43549435933434,106.58198547363281
2022-03-03,105.75406646728516,107.0254811604818,112.74318974812826,107.38105010986328
2022-03-04,105.2534408569336,108.26417541503912,109.98903528849293,105.75406646728516
2022-03-07,103.1162109375,108.76349538167322,106.37677599589034,105.2534408569336
2022-03-08,101.13304138183594,107.83671773274743,101.38413887023933,103.1162109375
2022-03-09,103.51093292236328,105.56664733886721,96.9367314656576,101.13304138183594
2022-03-10,103.41466522216797,103.8068079630534,98.40999997456882,103.51093292236328
2022-03-11,101.8935775756836,102.35311482747397,100.80554618835448,103.41466522216797
2022-03-14,101.4218521118164,100.90904286702477,101.96642163594568,101.8935775756836
2022-03-15,103.14510345458984,100.48737538655604,101.66349360148118,101.4218521118164
2022-03-16,102.91407012939453,100.86989135742189,103.55265922546391,103.14510345458984
2022-03-17,104.51216125488281,101.60220336914065,103.8926696777344,102.91407012939453
2022-03-18,105.12828826904297,102.83768819173179,105.3664134979248,104.51216125488281
2022-03-21,106.47608184814453,104.2689173380534,106.05153172810877,105.12828826904297
2022-03-22,107.7564926147461,105.6776794433594,107.53731193542475,106.47608184814453
2022-03-23,107.33291625976562,106.8457692464193,110.03955650329591,107.7564926147461
2022-03-24,108.51874542236328,108.03696950276695,109.81718571980791,107.33291625976562
2022-03-25,108.8947525024414,109.42203114827478,109.61783320109053,108.51874542236328
2022-03-28,107.42931365966797,110.21160024007166,109.52467498779295,108.8947525024414
2022-03-29,107.99813842773438,109.82245534261071,108.13239949544277,107.42931365966797
2022-03-30,108.2102279663086,109.71987660725917,107.21913019816083,107.99813842773438
2022-03-31,106.81228637695312,109.31698913574219,107.26044006347662,108.2102279663086
2022-04-01,107.63177490234375,108.42800547281904,106.03806838989266,106.81228637695312
2022-04-04,107.33291625976562,107.8777760823568,106.49399592081707,107.63177490234375
2022-04-05,106.06031799316406,107.4005157470703,106.74302024841312,107.33291625976562
2022-04-06,105.6553726196289,106.69853668212895,105.69669799804696,106.06031799316406
2022-04-07,107.17863464355469,105.83470408121747,105.26910591125487,105.6553726196289
2022-04-08,105.72286987304688,106.00823364257815,106.3536970774333,107.17863464355469
2022-04-11,106.08922576904297,105.78906656901046,105.53277231852218,105.72286987304688
2022-04-12,106.68695831298828,105.53711700439459,105.9508736928305,106.08922576904297
2022-04-13,107.61248016357422,105.76528625488287,106.71812642415371,106.68695831298828
2022-04-14,107.90172576904297,106.50763346354171,107.76416104634608,107.61248016357422
2022-04-18,107.67034149169922,107.03274434407554,108.99146995544437,107.90172576904297
2022-04-19,108.60551452636719,107.61120249430338,108.930420811971,107.67034149169922
2022-04-20,108.53804016113281,108.48146311442058,109.18606948852543,108.60551452636719
2022-04-21,105.32758331298828,108.90053456624352,109.24761416117356,108.53804016113281
2022-04-22,104.42134857177734,107.76225636800132,106.40689506530764,105.32758331298828
2022-04-25,103.7754135131836,106.68954010009767,103.15051320393884,104.42134857177734
2022-04-26,102.3485336303711,105.15406494140625,101.32420361836748,103.7754135131836
2022-04-27,101.51941680908203,103.27536315917972,99.70016911824546,102.3485336303711
2022-04-28,102.0689468383789,101.47378946940107,98.91571133931478,101.51941680908203
2022-04-29,99.16699981689453,100.48333638509118,99.75945434570318,102.0689468383789
2022-05-02,99.2152328491211,98.77880554199221,98.48714841206873,99.16699981689453
2022-05-03,100.00579833984375,97.61418050130209,98.66584294637052,99.2152328491211
2022-05-04,102.63776397705078,97.57883504231769,99.55845438639331,100.00579833984375
2022-05-05,100.1600341796875,99.15159708658854,102.04790344238279,102.63776397705078
2022-05-06,99.49479675292969,99.27049713134768,101.83821245829266,100.1600341796875
2022-05-09,95.07923126220703,99.22614288330081,100.95348040262866,99.49479675292969
2022-05-10,95.25275421142578,97.5717498779297,96.07738482157394,95.07923126220703
2022-05-11,94.21155548095703,96.18601023356123,93.48330485026048,95.25275421142578
2022-05-12,93.59453582763672,94.63574523925783,91.51366856892909,94.21155548095703
2022-05-13,95.1756362915039,93.4724044799805,89.8385651906332,93.59453582763672
2022-05-16,95.02139282226562,92.73261210123701,92.07945264180503,95.1756362915039
2022-05-17,97.26773071289062,92.210075378418,94.67577362060548,95.02139282226562
2022-05-18,94.82855987548828,93.0764806111654,99.01371803283693,97.26773071289062
2022-05-19,93.68128967285156,93.85161285400393,98.08881772359217,94.82855987548828
2022-05-20,92.81361389160156,94.02772267659508,95.99206288655601,93.68128967285156
2022-05-23,94.58755493164062,94.11128184000651,92.67879244486497,92.81361389160156
2022-05-24,95.29132080078125,94.17234547932941,93.05961926778156,94.58755493164062
2022-05-25,96.1011734008789,94.59396667480472,93.83554827372235,95.29132080078125
2022-05-26,97.66300201416016,95.05930480957034,95.49395395914716,96.1011734008789
2022-05-27,99.70689392089844,95.8588612874349,98.56635729471843,97.66300201416016
2022-05-31,98.51142120361328,97.62637023925781,101.85794906616212,99.70689392089844
2022-06-01,98.3957290649414,98.57247467041017,102.41761322021493,98.51142120361328
2022-06-02,100.34319305419922,99.83865712483724,100.579407119751,98.3957290649414
2022-06-03,100.28534698486328,101.15817972819015,100.60945142110194,100.34319305419922
2022-06-06,100.6999282836914,101.78098297119143,100.23521995544439,100.28534698486328
2022-06-07,103.08123016357422,101.89796803792322,100.68000259399422,100.6999282836914
2022-06-08,101.1626968383789,102.91477050781255,102.75729535420744,103.08123016357422
2022-06-09,99.02445220947266,102.78558553059898,102.22882474263515,101.1626968383789
2022-06-10,96.88813018798828,101.62563832600912,99.9981486002604,99.02445220947266
2022-06-13,93.2631607055664,99.83276468912763,96.57185592651363,96.88813018798828
2022-06-14,92.42216491699219,97.18659922281905,90.7181658426921,93.2631607055664
2022-06-15,93.70781707763672,94.31482493082683,87.54797032674159,92.42216491699219
2022-06-16,90.53717803955078,92.33241068522139,88.59085388183597,93.70781707763672
2022-06-17,90.8561782836914,89.91359202067059,87.5235373179118,90.53717803955078
2022-06-21,93.34046936035156,88.26068216959636,88.82384274800626,90.8561782836914
2022-06-22,92.94416046142578,88.34065500895187,93.21375274658205,93.34046936035156
2022-06-23,92.20948028564453,89.38774871826173,94.86322657267257,92.94416046142578
2022-06-24,95.14813995361328,90.3051661173503,94.77596079508464,92.20948028564453
2022-06-27,95.3318099975586,92.42472991943363,96.6812543233236,95.14813995361328
2022-06-28,94.70347595214844,94.30649668375652,97.10337422688809,95.3318099975586
2022-06-29,94.1524887084961,95.07402598063153,96.80838317871095,94.70347595214844
2022-06-30,95.86345672607422,95.30087381998702,95.7487707773845,94.1524887084961
2022-07-01,96.90746307373047,96.439594523112,95.28282826741537,95.86345672607422
2022-07-05,93.91082000732422,97.00670471191407,96.60956993103036,96.90746307373047
2022-07-06,95.11914825439453,96.03553873697919,94.9601234436035,93.91082000732422
2022-07-07,95.93114471435547,96.00653889973958,94.30280481974285,95.11914825439453
2022-07-08,96.00846862792969,96.07807668050133,94.84800148010257,95.93114471435547
2022-07-11,95.21581268310547,95.7854970296224,96.14960797627768,96.00846862792969
2022-07-12,95.36079406738281,95.70623168945316,95.57331873575848,95.21581268310547
2022-07-13,93.91082000732422,95.72942606608073,95.11397616068518,95.36079406738281
2022-07-14,92.89582061767578,95.0031428019206,93.73197949727373,93.91082000732422
2022-07-15,93.70781707763672,93.77677357991537,92.62321357727056,92.89582061767578
2022-07-18,92.55750274658203,93.41523895263674,92.54040997823081,93.70781707763672
2022-07-19,95.89246368408203,93.01568959554037,90.98007367451994,92.55750274658203
2022-07-20,97.13945770263672,93.44101715087893,94.43346087137854,95.89246368408203
2022-07-21,97.40045928955078,94.55525360107423,97.89023424784342,97.13945770263672
2022-07-22,96.65613555908203,95.8557357788086,99.86334673563645,97.40045928955078
2022-07-25,97.03311157226562,96.78115386962894,99.63763605753577,96.65613555908203
2022-07-26,95.60248565673828,97.60280965169272,99.17442423502607,97.03311157226562
2022-07-27,96.2984619140625,97.7697235107422,96.48407135009764,95.60248565673828
2022-07-28,98.35745239257812,97.81225535074874,95.1781070709229,96.2984619140625
2022-07-29,100.339111328125,98.24854075113933,96.57058321634935,98.35745239257812
2022-08-01,101.09308624267578,99.32991333007813,99.2195611317953,100.339111328125
2022-08-02,101.17042541503906,99.96403910319015,102.60623448689783,101.09308624267578
2022-08-03,101.624755859375,100.94938456217449,103.9556896209717,101.17042541503906
2022-08-04,100.9190902709961,102.09712982177734,104.19961039225261,101.624755859375
2022-08-05,100.75474548339844,102.73318939208986,102.65262934366865,100.9190902709961
2022-08-08,100.30044555664062,102.87044932047527,100.99833704630542,100.75474548339844
2022-08-09,100.45509338378906,102.65327555338543,98.9284264882406,100.30044555664062
2022-08-10,102.35940551757812,101.89863840738934,98.52580642700202,100.45509338378906
2022-08-11,102.14674377441406,101.76781260172527,100.81323992411306,102.35940551757812
2022-08-12,104.08973693847656,101.69692331949872,102.3405606587728,102.14674377441406
2022-08-15,104.92105865478516,102.67905426025393,104.79603767395024,104.08973693847656
2022-08-16,105.04672241210938,103.94473215738932,106.65701942443847,104.92105865478516
2022-08-17,104.39905548095703,105.02610117594404,107.3815279642741,105.04672241210938
2022-08-18,104.62139129638672,105.71113840738933,106.26373990376796,104.39905548095703
2022-08-19,103.21006774902344,106.1119791666667,105.22587013244633,104.62139129638672
2022-08-22,100.9674072265625,105.65764516194665,102.89381243387855,103.21006774902344
2022-08-23,101.18975067138672,104.0214121500651,99.65210494995122,100.9674072265625
2022-08-24,102.10807037353516,102.47089182535807,98.62197291056314,101.18975067138672
2022-08-25,104.26371765136719,101.74653879801433,99.19214185078948,102.10807037353516
2022-08-26,101.40243530273438,101.84449055989583,102.7209312438965,104.26371765136719
2022-08-29,100.73542785644531,101.17492930094402,102.50087865193687,101.40243530273438
2022-08-30,99.33377838134766,100.639404296875,101.70838165283202,100.73542785644531
2022-08-31,98.31876373291016,99.85577189127608,99.82356185913083,99.33377838134766
2022-09-01,97.19746398925781,98.8742853800456,97.85445849100752,98.31876373291016
2022-09-02,96.79145050048828,97.90892130533854,95.35049603780111,97.19746398925781
2022-09-06,96.69479370117188,96.8997273763021,93.86279411315921,96.79145050048828
2022-09-07,98.30912017822266,95.6817357381185,94.36546109517424,96.69479370117188
2022-09-08,98.4541244506836,95.4536071777344,97.2717268625895,98.30912017822266
2022-09-09,99.6817626953125,95.72040761311848,99.708686319987,98.4541244506836
2022-09-12,99.85576629638672,97.29669901529951,101.15045433044443,99.6817626953125
2022-09-13,95.67980194091797,98.48504689534508,102.18009936014815,99.85576629638672
2022-09-14,97.18778991699219,97.92825164794925,98.24482955932615,95.67980194091797
2022-09-15,96.35645294189453,97.93792012532553,96.76825256347658,97.18778991699219
2022-09-16,95.25447845458984,97.48744913736982,94.97654736836759,96.35645294189453
2022-09-19,95.92146301269531,96.42799580891929,93.28876762390149,95.25447845458984
2022-09-20,95.7957992553711,95.65659840901694,93.59520085652666,95.92146301269531
2022-09-21,94.8484878540039,94.8671595255534,94.7286116282146,95.7957992553711
2022-09-22,93.80448150634766,94.18921610514322,94.85702908833822,94.8484878540039
2022-09-23,91.37818145751953,93.36304677327475,94.4529541015625,93.80448150634766
2022-09-26,89.98248291015625,92.2037038167318,91.63499158223475,91.37818145751953
2022-09-27,89.5166015625,91.0860544840495,88.06661860148115,89.98248291015625
2022-09-28,91.28306579589844,89.3266810099284,87.20306256612143,89.5166015625
2022-09-29,89.20602416992188,89.08690338134768,88.53202896118167,91.28306579589844
2022-09-30,88.5072021484375,88.18826751708987,88.241276550293,89.20602416992188
2022-10-03,91.06951904296875,87.19293823242188,88.44611968994147,88.5072021484375
2022-10-04,94.08802795410156,87.8502166748047,91.09294204711912,91.06951904296875
2022-10-05,93.40861511230469,90.0048512776693,95.23131141662599,94.08802795410156
2022-10-06,92.79716491699219,91.74895579020186,96.50989125569666,93.40861511230469
2022-10-07,92.408935546875,93.06607004801434,95.59265213012696,92.79716491699219
2022-10-10,93.21451568603516,93.64803365071617,94.15597712198894,92.408935546875
2022-10-11,93.18538665771484,94.1113260904948,93.72714920043948,93.21451568603516
2022-10-12,91.09864807128906,94.22326304117841,93.31901575724285,93.18538665771484
2022-10-13,92.88451385498047,93.72697601318359,90.11157315572103,91.09864807128906
2022-10-14,90.33190155029297,93.40345204671225,90.46340382893891,92.88451385498047
2022-10-17,92.70980834960938,91.62729797363282,89.74437166849773,90.33190155029297
2022-10-18,96.41741943359375,91.36394449869793,91.90261217753091,92.70980834960938
2022-10-19,96.89301300048828,93.2792185465495,95.92889264424647,96.41741943359375
2022-10-20,96.7085952758789,95.04826049804691,98.66367225646974,96.89301300048828
2022-10-21,98.95063018798828,96.34818878173832,99.76705589294438,96.7085952758789
2022-10-24,100.0182876586914,98.18064117431645,101.90685272216798,98.95063018798828
2022-10-25,100.44532775878906,100.21886494954427,102.84751815795897,100.0182876586914
2022-10-26,100.02798461914062,101.96655222574876,102.32405103047691,100.44532775878906
2022-10-27,101.71680450439453,102.50684254964193,101.32274017333985,100.02798461914062
2022-10-28,104.41500091552734,103.6036026000977,100.89812520345055,101.71680450439453
2022-10-31,104.0558853149414,104.51012522379557,104.07336400349928,104.41500091552734
2022-11-01,104.18207550048828,104.96823679606122,105.65491600036626,104.0558853149414
2022-11-02,102.67766571044922,105.70911560058593,105.50206019083664,104.18207550048828
2022-11-03,103.40560150146484,105.45741170247398,103.53646685282388,102.67766571044922
2022-11-04,104.0170669555664,105.062060546875,103.23898239135745,103.40560150146484
2022-11-07,105.47294616699219,105.06270446777347,103.19838371276855,104.0170669555664
2022-11-08,106.33674621582031,105.59264628092447,104.27993774414068,105.47294616699219
2022-11-09,105.60880279541016,106.21834157307946,105.74437433878586,106.33674621582031
2022-11-10,109.23877716064453,106.04880676269535,106.63195762634285,105.60880279541016
2022-11-11,105.53116607666016,107.40955912272139,110.45878524780275,109.23877716064453
2022-11-14,104.25,107.50532124837241,108.24619204203287,105.53116607666016
2022-11-15,105.95822143554688,106.91844177246097,105.10588836669925,104.25
2022-11-16,105.21087646484375,107.03556060791018,104.17397117614752,105.95822143554688
2022-11-17,105.80293273925781,106.33415578206385,103.57852592468264,105.21087646484375
2022-11-18,106.59882354736328,105.89480895996097,104.17285016377762,105.80293273925781
2022-11-21,107.13262176513672,105.77705383300783,105.87494023640951,106.59882354736328
2022-11-22,107.54027557373047,106.0889353434245,107.51649678548183,107.13262176513672
2022-11-23,107.7537841796875,106.68358001708982,108.73958740234369,107.54027557373047
2022-11-25,108.34585571289062,107.08927459716797,110.00504608154303,107.7537841796875
2022-11-28,106.56969451904297,108.55679219563804,109.15126571655279,108.34585571289062
2022-11-29,106.76380920410156,108.38467712402347,107.18519833882657,106.56969451904297
2022-11-30,108.6273193359375,107.87932840983076,106.54558881123873,106.76380920410156
2022-12-01,108.71467590332031,108.40732218424483,107.35586128234858,108.6273193359375
2022-12-02,110.75289154052734,108.59302673339846,108.33744646708175,108.71467590332031
2022-12-05,109.61731719970703,109.51831258138024,110.88683840433761,110.75289154052734
2022-12-06,107.59850311279297,109.87160898844402,111.23527297973634,109.61731719970703
2022-12-07,107.21997833251953,109.35849304199222,109.28003489176434,107.59850311279297
2022-12-08,107.77320098876953,108.77161610921226,107.40713259379075,107.21997833251953
2022-12-09,106.97732543945312,108.48431701660161,106.59491653442385,107.77320098876953
2022-12-12,108.40409851074219,108.03525899251306,105.04263153076178,106.97732543945312
2022-12-13,108.31653594970703,107.77450256347659,106.35341657002769,108.40409851074219
2022-12-14,108.59862518310547,107.40819142659507,107.96860669453937,108.31653594970703
2022-12-15,106.51709747314453,107.5481369018555,109.23955713907888,108.59862518310547
2022-12-16,106.9742660522461,106.8806793212891,108.40254961649578,106.51709747314453
2022-12-19,106.34202575683594,107.08611857096356,107.26671778361003,106.9742660522461
2022-12-20,107.21742248535156,106.98775024414061,105.66533139546715,106.34202575683594
2022-12-21,109.00714111328125,106.91954294840497,105.95946248372404,107.21742248535156
2022-12-22,107.071533203125,107.49168853759767,108.1575325012207,109.00714111328125
2022-12-23,107.83021545410156,107.31797281901042,107.71749496459964,107.071533203125
2022-12-27,108.1609115600586,107.28227437337242,108.62456843058276,107.83021545410156
2022-12-28,107.36331939697266,107.7024678548177,109.03177795410159,108.1609115600586
2022-12-29,108.47217559814453,107.79648691813155,108.22850964864104,107.36331939697266
2022-12-30,108.8028793334961,108.47282002766929,108.0270084381104,108.47217559814453
2023-01-03,108.42355346679688,108.73479054768883,108.61807225545255,108.8028793334961
2023-01-04,109.04605102539062,108.81455688476566,108.47169825236003,108.42355346679688
2023-01-05,108.90013885498047,108.87810567220058,109.34174906412768,109.04605102539062
2023-01-06,110.58287811279297,108.93646036783856,109.70243759155278,108.90013885498047
2023-01-09,108.47217559814453,110.03298797607424,110.50960261027024,110.58287811279297
2023-01-10,109.09468078613281,109.66402333577476,109.46219469706217,108.47217559814453
2023-01-11,109.74636840820312,109.65299987792972,109.0831680297852,109.09468078613281
2023-01-12,110.61204528808594,109.90653940836589,109.21593360900883,109.74636840820312
2023-01-13,109.27948760986328,110.18796132405605,110.48786455790204,110.61204528808594
2023-01-17,108.73479461669922,110.01547342936202,109.81283226013193,109.27948760986328
2023-01-18,106.85752868652344,109.65947519938153,108.72895991007495,108.73479461669922
2023-01-19,105.46661376953125,108.45595601399738,106.64029935201002,106.85752868652344
2023-01-20,106.3614730834961,106.96647186279301,104.24298845926928,105.46661376953125
2023-01-23,107.50923156738281,106.03465067545577,104.24980532328294,106.3614730834961
2023-01-24,109.14330291748047,106.17990773518882,105.10673421223964,107.50923156738281
2023-01-25,109.60047912597656,106.62084910074871,108.3173479715983,109.14330291748047
2023-01-26,110.53424835205078,107.36592051188151,111.05072797139492,109.60047912597656
2023-01-27,110.60232543945312,108.62456309000653,113.32014389038093,110.53424835205078
2023-01-30,110.0965347290039,110.08875834147136,113.59362398783368,110.60232543945312
2023-01-31,111.53609466552734,110.99593658447266,112.44683888753256,110.0965347290039
2023-02-01,111.63334655761719,112.27921752929689,111.89744008382159,111.53609466552734
2023-02-02,111.0108413696289,112.91404164632165,111.33181966145841,111.63334655761719
2023-02-03,110.40779113769531,112.61056518554692,110.79409090677898,111.0108413696289
2023-02-06,111.15673828125,111.9348826090495,110.06572672526053,110.40779113769531
2023-02-07,112.1391372680664,111.59509328206386,110.5146069844564,111.15673828125
2023-02-08,111.66252136230469,111.84084879557294,111.57498728434248,112.1391372680664
2023-02-09,111.02056884765625,111.81814931233724,111.90163777669277,111.66252136230469
2023-02-10,112.42120361328125,111.65020446777345,111.27815958658853,111.02056884765625
2023-02-13,113.16043090820312,112.0282460530599,112.12956568400067,112.42120361328125
2023-02-14,113.99693298339844,112.44584248860679,113.68437614440919,113.16043090820312
2023-02-15,114.36656188964844,113.37766265869143,114.84071858723965,113.99693298339844
2023-02-16,113.15071868896484,114.31921234130861,115.34782193501793,114.36656188964844
2023-02-17,113.62733459472656,114.42620900472004,114.26167920430495,113.15071868896484
2023-02-21,112.51847839355469,114.42038014729819,114.07671534220381,113.62733459472656
2023-02-22,112.82975006103516,113.95609181722008,112.73620567321782,112.51847839355469
2023-02-23,112.97563934326172,113.78750254313152,111.75381558736164,112.82975006103516
2023-02-24,112.35313415527344,113.50413055419926,111.49232406616213,112.97563934326172
2023-02-27,112.34341430664062,112.71302795410158,111.57337379455564,112.35313415527344
2023-02-28,111.57500457763672,112.20270233154301,111.85739784240727,112.34341430664062
2023-03-01,112.59629821777344,111.5873260498047,111.59948348999026,111.57500457763672
2023-03-02,113.88023376464844,111.70922953287761,112.32768478393561,112.59629821777344
2023-03-03,114.52217102050781,112.53665059407554,113.67872645060228,113.88023376464844
2023-03-06,114.29847717285156,113.3290435791016,115.3149005889893,114.52217102050781
2023-03-07,113.38416290283203,114.06762644449873,115.5866039276123,114.29847717285156
2023-03-08,112.93672943115234,114.10004577636722,114.90006663004557,113.38416290283203
2023-03-09,111.00110626220703,113.97878519694014,113.654556910197,112.93672943115234
2023-03-10,109.94090270996094,113.11504720052086,110.73443196614576,111.00110626220703
2023-03-13,109.46428680419922,111.79286193847658,108.14697138468422,109.94090270996094
2023-03-14,110.70930480957031,110.43825378417968,106.54838282267247,109.46428680419922
2023-03-15,108.23873901367188,109.56868540445966,107.97512423197435,110.70930480957031
2023-03-16,109.83390808105469,108.04094899495448,107.51490605672201,108.23873901367188
2023-03-17,107.44113159179688,107.7841669718425,109.12969652811687,109.83390808105469
2023-03-20,109.0752182006836,107.01121266682942,108.09007390340166,107.44113159179688
2023-03-21,110.07707977294922,107.30431060791017,108.92461916605633,109.0752182006836
2023-03-22,107.87885284423828,108.10255330403648,110.36644579569501,110.07707977294922
2023-03-23,107.78132629394531,108.12266184488932,108.79218826293949,107.87885284423828
2023-03-24,108.49317932128906,107.92478535970052,107.8573885599773,107.78132629394531
2023-03-27,109.50731658935547,107.94358113606772,108.17775650024414,108.49317932128906
2023-03-28,110.04363250732422,108.33744913736982,109.55238126118982,109.50731658935547
2023-03-29,111.23330688476562,109.27497965494793,110.11239662170415,110.04363250732422
2023-03-30,111.53558349609375,110.07394053141277,112.11050631205246,111.23330688476562
2023-03-31,112.21818542480469,111.2195526123047,112.64456075032552,111.53558349609375
2023-04-03,113.97342681884766,111.886686706543,114.08641408284507,112.21818542480469
2023-04-04,112.70574951171875,113.37320353190105,115.68961613972984,113.97342681884766
2023-04-05,111.7598648071289,114.29326527913415,114.13237342834472,112.70574951171875
2023-04-06,111.5746078491211,114.07353464762372,112.26547177632648,111.7598648071289
2023-04-10,112.66674041748047,113.49496002197267,110.95799560546875,111.5746078491211
2023-04-11,112.77399444580078,113.29018046061202,111.27328071594243,112.66674041748047
2023-04-12,113.43710327148438,113.12050170898438,111.69923578898114,112.77399444580078
2023-04-13,113.98316955566406,113.1413055419922,112.91214968363444,113.43710327148438
2023-04-14,112.0816650390625,113.47155100504558,114.15657717386891,113.98316955566406
2023-04-17,113.24207305908203,112.93847757975261,113.35535024007163,112.0816650390625
2023-04-18,114.49024963378906,113.01518910725913,113.87574920654299,113.24207305908203
2023-04-19,114.05142974853516,113.99097646077477,114.38509953816728,114.49024963378906
2023-04-20,113.50536346435547,114.41873372395835,114.15545031229664,114.05142974853516
2023-04-21,112.69598388671875,114.28611653645837,113.64903793334965,113.50536346435547
2023-04-24,112.74475860595703,113.66397908528647,112.87492230733237,112.69598388671875
2023-04-25,111.4283218383789,113.27782847086591,112.32462717692059,112.74475860595703
2023-04-26,109.11725616455078,112.38850301106774,111.0103139241537,111.4283218383789
2023-04-27,110.72623443603516,110.84129180908207,108.1621103922526,109.11725616455078
2023-04-28,111.12602996826172,110.37127939860031,107.90907351175949,110.72623443603516
2023-05-01,111.40882110595703,109.77124633789066,109.51365254720064,111.12602996826172
2023-05-02,110.85299682617188,109.65748087565105,111.27295621236165,111.40882110595703
2023-05-03,109.54631042480469,109.77644958496097,111.6795848846436,110.85299682617188
2023-05-04,107.96661376953125,109.49820861816409,110.68299255371099,109.54631042480469
2023-05-05,108.9807357788086,108.74281260172528,108.51690559387207,107.96661376953125
2023-05-08,108.37615966796875,108.54648081461589,108.17999521891278,108.9807357788086
2023-05-09,109.63407135009766,108.36900838216148,107.14115269978846,108.37615966796875
2023-05-10,108.72720336914062,108.63489074707033,107.87509524027507,109.63407135009766
2023-05-11,108.36640167236328,108.0413584391276,108.78327128092451,108.72720336914062
2023-05-12,108.13237762451172,107.75856984456381,109.02380002339684,108.36640167236328
2023-05-15,109.42931365966797,107.64610595703127,108.91134249369306,108.13237762451172
2023-05-16,108.36640167236328,108.32740427652998,109.62352778116863,109.42931365966797
2023-05-17,110.22891998291016,108.56728515625004,108.6908044179281,108.36640167236328
2023-05-18,110.51168823242188,109.36949666341148,109.73518308003746,110.22891998291016
2023-05-19,109.7706069946289,109.81805572509768,111.1263525644938,110.51168823242188
2023-05-22,110.2484130859375,110.0709431966146,110.88517824808761,109.7706069946289
2023-05-23,108.16163635253906,110.30107472737632,111.22988166809087,110.2484130859375
2023-05-24,107.06948852539062,109.90712178548182,108.77840436299647,108.16163635253906
2023-05-25,106.28936767578125,108.93264058430992,106.2786558787028,107.06948852539062
2023-05-26,106.94271850585938,107.66041158040369,104.36364974975581,106.28936767578125
2023-05-30,106.73794555664062,106.72558542887374,104.57135785420733,106.94271850585938
2023-05-31,105.95783233642578,106.13401031494139,104.80132865905767,106.73794555664062
2023-06-01,107.4205322265625,105.12637125651047,105.49042243957521,105.95783233642578
2023-06-02,109.87786102294922,105.3610549926758,107.3040011088054,107.4205322265625
2023-06-05,109.03925323486328,106.84130096435547,110.57118288675939,109.87786102294922
2023-06-06,110.0241470336914,107.83073730468752,111.65163027445479,109.03925323486328
2023-06-07,111.90717315673828,109.39030303955082,111.99797732035324,110.0241470336914
2023-06-08,112.81595611572266,111.16155649820963,113.42356897989907,111.90717315673828
2023-06-09,112.46415710449219,112.75538126627603,114.53744824727374,112.81595611572266
2023-06-12,113.20682525634766,113.6173563639323,114.42415275573734,112.46415710449219
2023-06-13,113.11888122558594,114.53897298177087,114.09459063212078,113.20682525634766
2023-06-14,111.88763427734375,114.9531987508138,113.29337120056151,113.11888122558594
2023-06-15,113.0993423461914,114.24149983723959,112.0114144643148,111.88763427734375
2023-06-16,113.23613739013672,114.00921732584636,112.35184389750167,113.0993423461914
2023-06-20,112.61074829101562,114.10835316975913,112.07635930379234,113.23613739013672
2023-06-21,113.64656829833984,113.50981953938805,111.99502741495773,112.61074829101562
2023-06-22,111.89741516113281,113.35015258789065,113.31106910705573,113.64656829833984
2023-06-23,111.05702209472656,112.75146993001304,112.39073181152348,111.89741516113281
2023-06-26,110.88114166259766,112.05962270100915,110.87070935567219,111.05702209472656
2023-06-27,112.25894165039062,111.3208724975586,110.10997950236013,110.88114166259766
2023-06-28,112.13191223144531,111.43682149251306,110.87167154947913,112.25894165039062
2023-06-29,113.70519256591797,111.54169921875003,111.3364761352539,112.13191223144531
2023-06-30,114.00811004638672,112.01335449218753,113.78774948120127,113.70519256591797
2023-07-03,114.25241088867188,112.80812835693362,115.31622505187985,114.00811004638672
2023-07-05,114.0667495727539,113.67651672363286,116.07306404113773,114.25241088867188
2023-07-06,113.44133758544922,114.23611857096355,116.08545265197758,114.0667495727539
2023-07-07,113.39248657226562,114.7247075398763,114.30778528849284,113.44133758544922
2023-07-10,114.08628845214844,114.74099731445312,112.99184226989752,113.39248657226562
2023-07-11,115.47390747070312,114.71103159586589,112.97572135925297,114.08628845214844
2023-07-12,114.74099731445312,114.98726094563806,114.66316363016767,115.47390747070312
2023-07-13,114.87781524658203,115.03155517578128,114.90940666198735,114.74099731445312
2023-07-14,113.54883575439453,114.93123168945316,115.55419273376481,114.87781524658203
2023-07-17,114.13513946533203,114.53579762776694,114.38025970458983,113.54883575439453
2023-07-18,113.62701416015625,114.46608683268231,114.0157605489096,114.13513946533203
2023-07-19,112.97229766845703,114.2498041788737,113.13499450683598,113.62701416015625
2023-07-20,114.34037017822266,113.76381835937501,111.99347712198893,112.97229766845703
2023-07-21,113.72472381591797,113.7312484741211,112.98777987162276,114.34037017822266
2023-07-24,114.30126953125,113.3794576009115,113.59036966959636,113.72472381591797
2023-07-25,111.9560317993164,113.42114969889329,114.73384170532233,114.30126953125
2023-07-26,113.63679504394531,112.88044637044271,112.83403040568035,111.9560317993164
2023-07-27,113.19705963134766,113.05113067626955,113.24738922119147,113.63679504394531
2023-07-28,114.2621841430664,113.15601908365888,112.85227890014654,113.19705963134766
2023-07-31,115.03416442871094,113.44461313883465,113.98043123881024,114.2621841430664
2023-08-01,115.03416442871094,114.15079040527347,115.13286069234212,115.03416442871094
2023-08-02,112.66938018798828,114.66153259277345,115.82275250752771,115.03416442871094
2023-08-03,112.42506408691406,113.95796000162764,114.31219151814781,112.66938018798828
2023-08-04,113.01139831542969,113.54167480468753,112.54167289733886,112.42506408691406
2023-08-07,114.65306091308594,113.32343800862635,112.02785110473638,113.01139831542969
2023-08-08,114.15469360351562,113.96316680908207,112.81823438008634,114.65306091308594
2023-08-09,114.8094253540039,113.75469919840496,113.92000974019373,114.15469360351562
2023-08-10,114.24264526367188,114.10975036621097,114.99899826049817,114.8094253540039
2023-08-11,114.55534362792969,114.0426513671875,115.52716178894043,114.24264526367188
2023-08-14,114.22309875488281,114.31495920817058,115.83285522460939,114.55534362792969
2023-08-15,112.62052154541016,114.64068654378259,115.02667223612474,114.22309875488281
2023-08-16,112.18079376220703,114.37945404052736,112.28990402221682,112.62052154541016
2023-08-17,111.19381713867188,113.4726308186849,110.77966690063487,112.18079376220703
2023-08-18,112.02442169189453,112.13843841552735,109.62462666829428,111.19381713867188
2023-08-21,112.08305358886719,111.37492675781252,110.38062909444182,112.02442169189453
2023-08-22,112.53257751464844,111.13844299316409,110.97801144917807,112.08305358886719
2023-08-23,112.9039077758789,111.120204671224,112.3425080617269,112.53257751464844
2023-08-24,110.85179901123047,111.53323465983074,113.4762125651042,112.9039077758789
2023-08-25,111.45767211914062,111.10131429036461,112.42458699544278,110.85179901123047
2023-08-28,112.7964096069336,111.2211858113607,111.91580912272138,111.45767211914062
2023-08-29,113.07001495361328,111.99446512858077,112.3682476043702,112.7964096069336
2023-08-30,114.0569839477539,112.54494527180991,112.99933802286792,113.07001495361328
2023-08-31,113.51953125,113.3429860432943,114.16137275695809,114.0569839477539
2023-09-01,113.78337097167969,113.53777262369795,114.67130292256682,113.51953125
2023-09-05,112.21009063720703,113.90454203287763,114.86788406372078,113.78337097167969
2023-09-06,110.78340148925781,113.5403711954753,113.32783533732105,112.21009063720703
2023-09-07,110.73454284667969,112.71692860921227,110.6794930775961,110.78340148925781
2023-09-08,109.57168579101562,112.08957570393885,108.60019900004073,110.73454284667969
2023-09-11,107.98865509033203,110.5944753011068,107.37545890808113,109.57168579101562
2023-09-12,107.4218978881836,108.71306966145838,106.0730378468833,107.98865509033203
2023-09-13,106.9919204711914,107.19322560628257,105.39521128336595,107.4218978881836
2023-09-14,107.5977783203125,105.93265279134116,105.51491546630861,106.9919204711914
2023-09-15,107.31440734863281,105.58282114664716,106.50626843770351,107.5977783203125
2023-09-18,107.52938079833984,105.40693410237633,107.38330078124996,107.31440734863281
2023-09-19,106.91375732421875,105.80106862386069,107.88165982564293,107.52938079833984
2023-09-20,106.50334167480469,105.94634501139323,107.73052279154457,106.91375732421875
2023-09-21,104.67599487304688,105.90009358723961,107.42613080342609,106.50334167480469
2023-09-22,103.70858764648438,105.39521179199217,105.13869311014818,104.67599487304688
2023-09-25,104.13855743408203,104.59717508951826,102.76169344584153,103.70858764648438
2023-09-26,103.2131576538086,103.93985799153648,102.21187260945644,104.13855743408203
2023-09-27,104.1826171875,103.0179189046224,101.6342207590739,103.2131576538086
2023-09-28,103.66361999511719,102.64968566894532,102.94011764526364,104.1826171875
2023-09-29,103.77134704589844,102.42270253499353,103.56447067260744,103.66361999511719
2023-10-02,102.60602569580078,102.42552185058598,104.36028226216644,103.77134704589844
2023-10-03,101.85200500488281,102.25574289957686,103.60974171956386,102.60602569580078
2023-10-04,101.41133880615234,101.9484130859375,102.30062599182125,101.85200500488281
2023-10-05,101.0196304321289,101.69282277425133,100.73966789245613,101.41133880615234
2023-10-06,101.93033599853516,101.13272349039714,99.8242352803548,101.0196304321289
2023-10-09,106.46427917480469,100.92268880208334,100.69174003601084,101.93033599853516
2023-10-10,107.22809600830078,102.75944010416669,105.44503148396815,106.46427917480469
2023-10-11,107.87440490722656,104.49989674886069,109.42390098571776,107.22809600830078
2023-10-12,106.55241394042969,106.48973693847658,111.58022282918294,107.87440490722656
2023-10-13,106.40553283691406,107.56626230875652,110.76597951253258,106.55241394042969
2023-10-16,107.06163024902344,108.42017618815107,108.69274330139163,106.40553283691406
2023-10-17,107.38478088378906,109.0501642862956,107.16347986857097,107.06163024902344
2023-10-18,107.04203033447266,109.31130015055342,106.07324078877772,107.38478088378906
2023-10-19,106.00402069091797,108.9489730834961,105.18781700134284,107.04203033447266
2023-10-20,104.6624526977539,107.69160715738933,104.63877296447757,106.00402069091797
2023-10-23,104.59391784667969,105.80817616780602,104.36050554911301,104.6624526977539
2023-10-24,105.690673828125,104.9242416381836,103.70099411010743,104.59391784667969
2023-10-25,105.49482727050781,104.80738474527996,104.44996414184577,105.690673828125
2023-10-26,105.80819702148438,104.88703308105472,104.59490038553875,105.49482727050781
2023-10-27,105.02478790283203,104.89813690185548,105.54364535013836,105.80819702148438
2023-10-30,105.48503112792969,104.60632324218754,105.79449335734054,105.02478790283203
2023-10-31,107.58062744140625,104.76561584472661,106.25978953043622,105.48503112792969
2023-11-01,108.27588653564453,105.95442708333333,108.04429880777992,107.58062744140625
2023-11-02,110.48899841308594,107.3168853759766,109.21089973449713,108.27588653564453
2023-11-03,111.06675720214844,109.20552876790366,111.46432037353524,110.48899841308594
2023-11-06,110.77299499511719,110.66852569580078,113.19743665059408,111.06675720214844
2023-11-07,110.57713317871094,111.5687881469727,113.52239888509116,110.77299499511719
2023-11-08,110.42046356201172,112.27123565673833,112.45077374776204,110.57713317871094
2023-11-09,110.43023681640625,112.5330256144206,110.97603276570636,110.42046356201172
2023-11-10,111.59557342529297,112.55391438802084,109.4717235565186,110.43023681640625
2023-11-13,112.89795684814453,112.52389272054036,109.9615262349447,111.59557342529297
2023-11-14,113.7695083618164,112.6995035807292,112.0189215342204,112.89795684814453
2023-11-15,113.75969696044922,113.28836568196618,114.02035458882659,113.7695083618164
2023-11-16,113.27008819580078,113.64611358642583,115.44384943644205,113.75969696044922
2023-11-17,113.34841918945312,114.03259379069011,115.08936983744307,113.27008819580078
2023-11-20,114.59207153320312,114.41906941731773,114.22485364278154,113.34841918945312
2023-11-21,114.72917175292969,115.07255859375002,114.41564165751144,114.59207153320312
2023-11-22,115.51256561279297,115.47405293782556,114.42217623392744,114.72917175292969
2023-11-24,116.03157043457031,115.87032368977869,115.1489364624024,115.51256561279297
2023-11-27,115.4146499633789,116.13732910156253,116.35032018025713,116.03157043457031
2023-11-28,115.47340393066406,116.09490051269533,116.46538327535,115.4146499633789
2023-11-29,115.35588836669922,116.16867065429688,116.22171910603849,115.47340393066406
2023-11-30,117.3731460571289,116.25615183512373,115.47111447652176,115.35588836669922
2023-12-01,118.76370239257812,117.04216105143229,116.59170570373537,117.3731460571289
2023-12-04,119.70376586914062,118.01293385823568,118.66087671915687,118.76370239257812
2023-12-05,118.66576385498047,119.01437937418623,120.86108512878424,119.70376586914062
2023-12-06,119.05745697021484,119.50857493082681,120.70244547526045,118.66576385498047
2023-12-07,118.83223724365234,119.9244283040365,120.59683926900232,119.05745697021484
2023-12-08,119.7429428100586,120.17054646809898,119.6923411051433,118.83223724365234
2023-12-11,120.90824890136719,120.69803670247398,119.2944442749024,119.7429428100586
2023-12-12,121.21180725097656,121.27971242268887,120.0580956776937,120.90824890136719
2023-12-13,122.98426055908203,121.63223927815757,120.87902475992843,121.21180725097656
2023-12-14,122.25961303710938,122.2798497517904,123.5047286987305,122.98426055908203
2023-12-15,122.31837463378906,122.66697845458985,124.12035649617512,122.25961303710938
2023-12-18,122.54360961914062,123.12266235351564,123.88974393208822,122.31837463378906
2023-12-19,123.83621978759766,123.68214569091803,123.03666394551598,122.54360961914062
2023-12-20,121.85428619384766,124.29254964192714,123.60626462300615,123.83621978759766
2023-12-21,123.0235824584961,123.86993459065758,121.89156519571941,121.85428619384766
2023-12-22,123.73106384277344,123.66852416992187,122.18357696533198,123.0235824584961
2023-12-26,124.39925384521484,123.7135381062826,123.19126091003416,123.73106384277344
2023-12-27,124.47786712646484,124.0707015991211,124.38541158040375,124.39925384521484
2023-12-28,124.40908813476562,124.30752563476567,125.35564740498864,124.47786712646484
2023-12-29,124.39925384521484,124.77175496419277,125.14246342976898,124.40908813476562
2024-01-02,123.2594223022461,124.94382273356122,124.9536455790203,124.39925384521484
2024-01-03,121.57913208007812,124.53298492431642,123.69966367085776,123.2594223022461
2024-01-04,121.5693130493164,123.44735717773442,121.39466985066738,121.57913208007812
2024-01-05,121.68722534179688,122.76679636637374,119.50122922261558,121.5693130493164
2024-01-08,120.3017349243164,121.75601196289062,119.6261768341064,121.68722534179688
2024-01-09,119.35842895507812,120.51398111979167,118.9909149169922,120.3017349243164
2024-01-10,120.13468933105469,119.26474609375002,118.327168528239,119.35842895507812
2024-01-11,119.35842895507812,118.79570821126305,119.05201327006026,120.13468933105469
2024-01-12,120.21329498291016,118.32143402099612,119.18696594238293,119.35842895507812
2024-01-16,117.22615051269531,118.51206105550133,120.21690330505369,120.21329498291016
2024-01-17,117.24578857421875,117.7849273681641,117.90693982442224,117.22615051269531
2024-01-18,119.10295104980469,117.23990071614587,116.54714787801116,117.24578857421875
2024-01-19,119.59425354003906,117.39057057698571,118.03091074625652,119.10295104980469
2024-01-22,120.04625701904297,117.90022176106773,119.5272727966309,119.59425354003906
2024-01-23,120.3017349243164,118.75378824869793,120.51922505696623,120.04625701904297
2024-01-24,120.63582611083984,119.44947967529299,121.41062126159669,120.3017349243164
2024-01-25,119.55494689941406,120.02725931803387,122.34623413085943,120.63582611083984
2024-01-26,119.91851806640625,120.29453023274745,121.21000162760421,119.55494689941406
2024-01-29,120.13468933105469,120.53887634277346,120.51348953247074,119.91851806640625
2024-01-30,119.9676513671875,121.06031595865889,119.2064449310303,120.13468933105469
2024-01-31,120.51791381835938,120.72360890706382,119.0310499827068,119.9676513671875
2024-02-01,121.5496597290039,120.42947692871098,120.0331604003907,120.51791381835938
2024-02-02,121.48087310791016,120.8251449584961,121.4515640258789,121.5496597290039
2024-02-05,121.03870391845703,121.16119842529297,122.238798904419,121.48087310791016
2024-02-06,121.9525375366211,121.3151438395183,122.10287437438966,121.03870391845703
2024-02-07,122.85653686523438,121.83658701578779,122.5301523844401,121.9525375366211
2024-02-08,122.28662872314453,122.69866739908856,123.06714680989589,122.85653686523438
2024-02-09,122.49297332763672,122.89650268554692,122.93826599121094,122.28662872314453
2024-02-12,122.71897888183594,123.09171600341797,122.78464813232428,122.49297332763672
2024-02-13,121.94270324707031,123.263346862793,122.70735282897951,122.71897888183594
2024-02-14,123.1415023803711,122.9076380411784,122.08387451171879,121.94270324707031
2024-02-15,124.0455093383789,123.04651540120449,122.82378603617357,123.1415023803711
2024-02-16,123.45594787597656,123.64722188313804,123.79543113708502,124.0455093383789
2024-02-20,123.24958038330078,123.82737070719404,123.77988408406588,123.45594787597656
2024-02-21,123.33802032470703,123.67538909912112,123.83833770751953,123.24958038330078
2024-02-22,123.79002380371094,123.65508066813152,123.79346008300789,123.33802032470703
2024-02-23,124.22237396240234,123.964274597168,123.73171984354661,123.79002380371094
2024-02-26,124.03567504882812,124.23220062255861,124.13639132181805,124.22237396240234
2024-02-27,124.1830825805664,124.35142262776691,124.09757677714029,124.03567504882812
2024-02-28,125.90265655517578,124.48702901204429,124.04976806640624,124.1830825805664
2024-02-29,125.65699005126953,125.0058512369792,126.03105748494465,125.90265655517578
2024-03-01,125.66683197021484,125.48208974202477,126.7594951629639,125.65699005126953
2024-03-04,126.63961791992188,126.035634358724,126.56543668111165,125.66683197021484
2024-03-05,126.51187896728516,126.71298878987632,127.10030199686692,126.63961791992188
2024-03-06,127.27831268310547,127.0719716389974,127.12601509094243,126.51187896728516
2024-03-07,127.61238098144531,127.54362538655602,127.66153386433923,127.27831268310547
2024-03-08,126.93439483642578,128.00675455729166,128.00837389628103,127.61238098144531
2024-03-11,125.70613098144531,128.05915883382164,127.26732304890956,126.93439483642578
2024-03-12,124.74315643310547,127.38966979980471,125.74788576761881,125.70613098144531
2024-03-13,124.74315643310547,126.26293589274093,124.26986338297527,124.74315643310547
2024-03-14,124.56629180908203,125.557416788737,123.13854268391933,124.74315643310547
2024-03-15,124.99864959716797,124.79294077555342,122.77367591857912,124.56629180908203
2024-03-18,124.87089538574219,124.2767456054688,123.63805910746258,124.99864959716797
2024-03-19,126.01075744628906,124.01340382893883,124.33357836405442,124.87089538574219
2024-03-20,127.42568969726562,124.28985799153651,126.29030876159675,126.01075744628906
2024-03-21,127.5989990234375,125.37007548014327,128.626616414388,127.42568969726562
2024-03-22,128.10116577148438,126.59887644449874,129.56622390747074,127.5989990234375
2024-03-25,128.21929931640625,127.84863993326823,129.86113306681312,128.10116577148438
2024-03-26,127.98299407958984,128.7403350830078,129.61520665486657,128.21929931640625
2024-03-27,129.8242645263672,129.1131703694662,128.9192368825277,127.98299407958984
2024-03-28,129.90304565429688,130.00652465820318,129.73835016886392,129.8242645263672
2024-04-01,128.8790283203125,130.54548695882164,130.13474642435716,129.90304565429688
2024-04-02,128.2291717529297,130.43435414632162,129.18846702575692,128.8790283203125
2024-04-03,127.66793060302734,129.7705190022787,128.26731084187833,128.2291717529297
2024-04-04,128.17007446289062,128.96226552327474,127.2657488505046,127.66793060302734
2024-04-05,129.33193969726562,128.62170664469403,126.97244453430186,128.17007446289062
2024-04-08,129.05625915527344,128.74248402913415,128.11230494181322,129.33193969726562
2024-04-09,127.68760681152344,128.77137095133463,128.69996681213382,129.05625915527344
2024-04-10,127.23467254638672,128.22062632242844,128.03845545450855,127.68760681152344
2024-04-11,127.17559814453125,127.46113942464194,127.7581631978353,127.23467254638672
2024-04-12,125.75772857666016,127.21891632080079,127.10240465799967,127.17559814453125
2024-04-15,125.09803771972656,126.60713144938153,125.15726801554364,125.75772857666016
2024-04-16,125.69866180419922,125.73475341796876,123.63422025044765,125.09803771972656
2024-04-17,125.55094909667969,125.1813959757487,123.78651440938314,125.69866180419922
2024-04-18,125.50172424316406,124.58798980712892,124.60931968688969,125.55094909667969
2024-04-19,126.03343200683594,124.24993082682295,125.59148864746093,125.50172424316406
2024-04-22,126.52574920654297,124.61227569580083,126.45272089640301,126.03343200683594
2024-04-23,127.38237762451172,125.31793314615886,127.15344912211098,126.52574920654297
2024-04-24,126.53558349609375,126.16996866861982,128.37964413960785,127.38237762451172
2024-04-25,127.02791595458984,126.58285268147786,128.04256439208982,126.53558349609375
2024-04-26,127.5399169921875,127.22352244059249,127.6009682973226,127.02791595458984
2024-04-29,129.11534118652344,127.70073954264326,127.72618293762207,127.5399169921875
2024-04-30,127.85501098632812,128.51339619954427,129.27977587382006,129.11534118652344
2024-05-01,128.1110076904297,128.71426696777348,128.69457550048824,127.85501098632812
2024-05-02,130.0310516357422,128.8343897501628,128.40033187866212,128.1110076904297
2024-05-03,130.53321838378906,129.53873291015628,129.97197634379071,130.0310516357422
2024-05-06,131.55722045898438,130.2837763468425,131.22246462504071,130.53321838378906
2024-05-07,131.38987731933594,131.2697194417318,132.59322293599448,131.55722045898438
2024-05-08,132.0298614501953,132.08172810872398,132.52728220621745,131.38987731933594
2024-05-09,133.28033447265625,132.6567520141602,132.97348251342777,132.0298614501953
2024-05-10,133.0243682861328,133.49696858723962,134.05574035644537,133.28033447265625
2024-05-13,132.24647521972656,133.95450439453126,134.14979909261075,133.0243682861328
2024-05-14,132.59112548828125,134.15536600748698,132.49625371297208,132.24647521972656
2024-05-15,132.2957000732422,133.949257405599,132.03414459228523,132.59112548828125
2024-05-16,132.86680603027344,133.37750345865888,131.87100194295243,132.2957000732422
2024-05-17,133.41819763183594,133.26722412109373,132.10698776245118,132.86680603027344
2024-05-20,134.28468322753906,133.32236226399743,132.93424224853513,133.41819763183594
2024-05-21,134.3929901123047,133.80482991536465,134.09530766805017,134.28468322753906
2024-05-22,134.550537109375,134.10416463216154,135.13228403727217,134.3929901123047
2024-05-23,132.09878540039062,134.43697306315104,135.82120590209968,134.550537109375
2024-05-24,133.46742248535156,133.95449523925785,133.32680079142253,132.09878540039062
2024-05-28,132.21693420410156,134.02998453776044,132.71548945109058,133.46742248535156
2024-05-29,130.6021270751953,133.36830342610682,131.43431294759114,132.21693420410156
2024-05-30,131.7344512939453,132.15457560221353,129.2999346415202,130.6021270751953
2024-05-31,133.9302215576172,131.447597249349,129.69493459065768,131.7344512939453
2024-06-03,134.47177124023438,131.80863850911462,132.52250696818038,133.9302215576172
2024-06-04,134.66868591308594,132.46244303385424,135.1341094970704,134.47177124023438
2024-06-05,135.2791748046875,133.3558380126953,136.6478212992351,134.66868591308594
2024-06-06,134.73760986328125,134.49671020507813,137.56223017374674,135.2791748046875
2024-06-07,134.37327575683594,135.40388997395837,136.54935328165695,134.73760986328125
2024-06-10,134.07789611816406,135.49906412760419,135.68694686889654,134.37327575683594
2024-06-11,132.9125213623047,135.68942362467453,133.77756601969404,134.07789611816406
2024-06-12,133.07040405273438,135.03947143554691,131.45526326497398,132.9125213623047
2024-06-13,131.9257049560547,133.97568461100263,131.2066785176596,133.07040405273438
2024-06-14,130.5441436767578,132.59141947428387,130.76841506958013,131.9257049560547
2024-06-17,131.6592559814453,131.22731831868495,129.40895258585616,130.5441436767578
2024-06-18,131.97503662109375,130.67941385904953,130.06760253906256,131.6592559814453
2024-06-20,132.310546875,130.49783325195312,131.2860895792644,131.97503662109375
2024-06-21,132.60658264160156,130.79283040364584,132.36732889811213,132.310546875
2024-06-24,131.51124572753906,131.2597330729167,133.4014083862305,132.60658264160156
2024-06-25,130.5441436767578,131.33341369628909,132.88977076212572,131.51124572753906
2024-06-26,130.79086303710938,131.13228759765627,131.32143427530931,130.5441436767578
2024-06-27,131.01783752441406,130.95466613769534,130.6306711832682,130.79086303710938
2024-06-28,130.3073272705078,131.05138041178387,130.0514223734538,131.01783752441406
2024-07-01,129.84353637695312,130.69547526041669,129.25061925252282,130.3073272705078
2024-07-02,130.78099060058594,129.89352925618496,129.21346282958987,129.84353637695312
2024-07-03,131.39280700683594,129.8106353759766,130.2275639851889,130.78099060058594
2024-07-05,130.65269470214844,130.11522725423185,131.60283330281578,131.39280700683594
2024-07-08,131.47177124023438,130.2520589192709,131.65495707194017,130.65269470214844
2024-07-09,131.05728149414062,130.90598754882814,131.91500167846684,131.47177124023438
2024-07-10,131.7974090576172,131.1776845296224,131.58308258056647,131.05728149414062
2024-07-11,131.86647033691406,131.51780293782554,132.16087697347007,131.7974090576172
2024-07-12,131.3533172607422,131.86778666178384,132.34063746134436,131.86647033691406
2024-07-15,132.11317443847656,132.0013285319011,131.58110783894858,131.3533172607422
2024-07-16,135.5275421142578,132.2269785563151,131.83390197753914,132.11317443847656
2024-07-17,133.8499298095703,133.57430826822917,135.35961329142256,135.5275421142578
2024-07-18,132.97169494628906,134.1216471354167,135.65036671956395,133.8499298095703
2024-07-19,132.13290405273438,134.27624715169276,134.3757484436035,132.97169494628906
2024-07-22,133.889404296875,133.79270833333337,132.7919301350912,132.13290405273438
2024-07-23,137.5406036376953,134.13150939941406,133.0090067545574,133.889404296875
2024-07-24,134.14598083496094,135.65908406575525,136.59984308878578,137.5406036376953
2024-07-25,137.67874145507812,135.5939554850261,135.39329986572264,134.14598083496094
2024-07-26,139.04052734375,136.80377604166665,137.63761927286782,137.67874145507812
2024-07-29,138.8826446533203,138.03398539225265,140.51004689534508,139.04052734375
2024-07-30,139.7609100341797,138.89118957519534,141.97743225097656,138.8826446533203
2024-07-31,141.2904510498047,140.55889994303385,141.62135925292972,139.7609100341797
2024-08-01,139.61288452148438,142.10883890787767,142.07101999918626,141.2904510498047
2024-08-02,135.37950134277344,142.2575205485026,140.388351949056,139.61288452148438
2024-08-05,133.2677459716797,140.04642537434898,135.91912002563478,135.37950134277344
2024-08-06,134.02760314941406,137.2425882975261,131.4961118062338,133.2677459716797
2024-08-07,134.70848083496094,135.7577911376953,128.82632598876953,134.02760314941406
2024-08-08,137.6885986328125,133.87431233723962,130.48053131103518,134.70848083496094
2024-08-09,138.36952209472656,134.08745015462242,134.9311467488607,137.6885986328125
2024-08-12,138.3004150390625,134.93544311523442,138.84399592081712,138.36952209472656
2024-08-13,139.1293487548828,135.75842488606773,141.67018076578776,138.3004150390625
2024-08-14,139.5142059326172,137.18599955240887,143.5845832824708,139.1293487548828
2024-08-15,141.45819091796875,139.2174987792969,143.0035311381022,139.5142059326172
2024-08-16,141.9812469482422,141.69765726725262,142.54548517862958,141.45819091796875
2024-08-19,142.5831756591797,143.1351155598959,142.39422124226897,141.9812469482422
2024-08-20,141.4483184814453,143.8100941975912,143.02068583170583,142.5831756591797
2024-08-21,141.9910888671875,143.61272989908858,142.2196914672852,141.4483184814453
2024-08-22,142.05026245117188,143.31932678222657,142.4533968607585,141.9910888671875
2024-08-23,142.89892578125,143.35878397623702,141.89829661051434,142.05026245117188
2024-08-26,142.49435424804688,143.62850850423183,142.0512379964194,142.89892578125
2024-08-27,142.83970642089844,143.41601562500003,142.00076929728195,142.49435424804688
2024-08-28,143.38247680664062,143.28311665852868,142.40732065836596,142.83970642089844
2024-08-29,144.82321166992188,143.22259724934898,143.58936767578132,143.38247680664062
2024-08-30,145.76068115234375,143.99888305664064,145.26696217854814,144.82321166992188
2024-09-03,140.77731323242188,145.0653035481771,146.81443761189777,145.76068115234375
2024-09-04,141.71478271484375,144.04692891438805,142.53054606119795,140.77731323242188
2024-09-05,140.3727264404297,143.22130432128907,140.92041625976566,141.71478271484375
2024-09-06,138.122802734375,141.98583170572923,138.8083122253419,140.3727264404297
2024-09-09,141.04373168945312,139.97406005859378,136.01531855265304,138.122802734375
2024-09-10,140.5108642578125,139.61880086263022,137.4214983622234,141.04373168945312
2024-09-11,140.41217041015625,139.06618855794275,138.8696235656739,140.5108642578125
2024-09-12,142.2673797607422,138.69842529296875,140.49686177571607,140.41217041015625
2024-09-13,143.4712677001953,139.37932027180992,143.6579381306967,142.2673797607422
2024-09-16,144.14230346679688,141.0003061930339,146.00340754191083,143.4712677001953
2024-09-17,143.7969512939453,143.2298278808594,146.1820271809896,144.14230346679688
2024-09-18,143.88572692871094,144.10020243326824,146.34027913411452,143.7969512939453
2024-09-19,145.3363494873047,145.054769897461,145.1830696105958,143.88572692871094
2024-09-20,145.93829345703125,146.08697509765628,145.2276420593262,145.3363494873047
2024-09-23,147.6454620361328,146.4290700276693,146.4825202941895,145.93829345703125
2024-09-24,147.24087524414062,147.71191406250006,147.72917683919272,147.6454620361328
2024-09-25,147.00071716308594,148.25071004231776,148.014687093099,147.24087524414062
2024-09-26,146.07171630859375,148.21845703125,148.1477121988933,147.00071716308594
2024-09-27,146.77340698242188,147.8700897216797,146.93792139689128,146.07171630859375
2024-09-30,147.89016723632812,147.8698130289714,146.39301783243815,146.77340698242188
2024-10-01,149.58021545410156,148.27504069010422,146.74758504231775,147.89016723632812
2024-10-02,149.590087890625,149.01433614095058,148.715926361084,149.58021545410156
2024-10-03,148.61163330078125,149.39570312500004,150.2896558125814,149.590087890625
2024-10-04,150.02491760253906,149.3922302246094,150.13359883626302,148.61163330078125
2024-10-07,149.56044006347656,149.89623718261723,151.1901036580404,150.02491760253906
2024-10-08,149.60984802246094,150.39725646972656,150.49757283528652,149.56044006347656
2024-10-09,150.06443786621094,150.68248392740887,149.67771428426104,149.60984802246094
2024-10-10,148.6314239501953,150.9275736490886,149.30345230102543,150.06443786621094
2024-10-11,151.07254028320312,150.1474761962891,148.24333826700854,148.6314239501953
2024-10-14,151.95211791992188,150.3602956136068,150.15522257486987,151.07254028320312
2024-10-15,151.17135620117188,150.9361399332683,152.29672164917005,151.95211791992188
2024-10-16,152.8811492919922,151.37956237792972,152.3233935038249,151.17135620117188
2024-10-17,153.08865356445312,152.40345865885422,153.48729807535813,152.8811492919922
2024-10-18,153.04916381835938,153.0300313313803,154.52318776448573,153.08865356445312
2024-10-21,153.7903594970703,153.71921590169273,154.26938807169597,153.04916381835938
2024-10-22,148.75990295410156,154.37940165201826,154.42551879882822,153.7903594970703
2024-10-23,149.21450805664062,152.75858561197916,149.6198832194011,148.75990295410156
2024-10-24,147.64309692382812,151.49749857584638,146.8689343770346,149.21450805664062
2024-10-25,147.87042236328125,149.2823720296224,145.12654037475585,147.64309692382812
2024-10-28,146.96116638183594,147.8750284830729,144.6720891316732,147.87042236328125
2024-10-29,145.80484008789062,146.55201110839843,144.26654968261715,146.96116638183594
2024-10-30,145.61708068847656,144.89099019368493,144.48248825073247,145.80484008789062
2024-10-31,142.74110412597656,143.9685780843099,144.95770238240567,145.61708068847656
2024-11-01,142.84982299804688,142.43538106282554,143.13626810709647,142.74110412597656
2024-11-04,143.06724548339844,141.62497762044276,142.32009048461924,142.84982299804688
2024-11-05,144.7770233154297,141.77915140787766,141.21088612874348,143.06724548339844
2024-11-06,149.3924102783203,141.99065551757815,143.6452499389649,144.7770233154297
2024-11-07,148.5029296875,144.4350677490235,149.27530059814464,149.3924102783203
2024-11-08,153.9979248046875,146.09278462727866,152.0885108947754,148.5029296875
2024-11-11,155.4705047607422,149.9517974853516,157.71329243977863,153.9979248046875
2024-11-12,153.68167114257812,153.74887390136723,161.04339650472002,155.4705047607422
2024-11-13,154.24501037597656,155.95477396647135,159.6197507222494,153.68167114257812
2024-11-14,149.4022979736328,157.8108184814453,156.85546188354493,154.24501037597656
2024-11-15,148.33493041992188,156.38765563964847,150.1448539733887,149.4022979736328
2024-11-18,148.55235290527344,154.12245788574222,144.84802093505868,148.33493041992188
2024-11-19,149.21450805664062,151.63653462727865,142.9855514526368,148.55235290527344
2024-11-20,149.88658142089844,149.5057403564453,144.263580830892,149.21450805664062
2024-11-21,151.1318359375,148.57871297200523,146.25371602376305,149.88658142089844
2024-11-22,152.7032470703125,147.8796478271485,151.15094401041668,151.1318359375
2024-11-25,151.09230041503906,149.09921875000003,155.0274172465007,152.7032470703125
2024-11-26,152.8811492919922,150.15341084798183,154.84293009440105,151.09230041503906
2024-11-27,152.0608367919922,151.7380004882813,155.6755882263184,152.8811492919922
2024-11-29,153.7508544921875,153.19805704752608,153.3430053710938,152.0608367919922
2024-12-02,151.57656860351562,154.1883422851563,153.63571345011403,153.7508544921875
2024-12-03,151.61611938476562,153.73437805175783,151.86235224405928,151.57656860351562
2024-12-04,153.42471313476562,153.13810424804691,150.8748812357585,151.61611938476562
2024-12-05,150.99346923828125,153.2375915527344,152.13646265665696,153.42471313476562
2024-12-06,150.33131408691406,152.2631205240886,151.06973826090496,150.99346923828125
2024-12-09,147.55416870117188,151.28206278483077,149.92643636067717,150.33131408691406
2024-12-10,148.02854919433594,149.66255798339847,146.4085563659668,147.55416870117188
2024-12-11,147.54425048828125,148.1464914957683,145.87420730590827,148.02854919433594
2024-12-12,145.8147430419922,147.11798197428388,145.32994562784842,147.54425048828125
2024-12-13,146.63502502441406,145.53471272786462,144.51427739461263,145.8147430419922
2024-12-16,147.87042236328125,145.14663391113288,144.6928286234538,146.63502502441406
2024-12-17,146.55906677246094,145.14729309082037,147.17003885904947,147.87042236328125
2024-12-18,141.77154541015625,144.88103332519532,148.06988245646158,146.55906677246094
2024-12-19,143.04029846191406,143.51919352213542,143.31249033610027,141.77154541015625
2024-12-20,145.03262329101562,142.7934010823568,141.81426747639983,143.04029846191406
2024-12-23,145.22091674804688,143.21817525227868,142.65146128336585,145.03262329101562
2024-12-24,146.55906677246094,143.3309407552084,144.40242691040038,145.22091674804688
2024-12-26,147.1438751220703,144.26101786295575,146.67509816487635,146.55906677246094
2024-12-27,146.32118225097656,145.39383748372398,148.4793464660645,147.1438751220703
2024-12-30,144.427978515625,145.7630696614584,149.21128896077482,146.32118225097656
2024-12-31,144.07115173339844,145.55999959309898,147.29526850382487,144.427978515625
2025-01-02,143.58546447753906,145.69077453613284,144.28822860717776,144.07115173339844
2025-01-03,144.91368103027344,145.53086446126304,141.1530555725098,143.58546447753906
2025-01-06,143.6945037841797,144.82380879720057,142.22769368489585,144.91368103027344
2025-01-07,143.56564331054688,143.75794067382813,142.57841593424493,143.6945037841797
2025-01-08,144.71543884277344,143.12820129394538,142.9159083048503,143.56564331054688
2025-01-10,143.8035430908203,143.10639038085938,144.80630213419602,144.71543884277344
2025-01-13,144.84429931640625,143.11035970052086,144.9829081217448,143.8035430908203
2025-01-14,146.77713012695312,143.87028198242191,145.43555526733405,144.84429931640625
2025-01-15,147.57998657226562,145.33725687662763,146.98264007568358,146.77713012695312
2025-01-16,149.0271453857422,146.59012349446616,148.69475428263354,147.57998657226562
2025-01-17,150.28598022460938,148.11656595865887,150.69036636352538,149.0271453857422
2025-01-21,155.12303161621094,149.68662618001304,152.72217280069995,150.28598022460938
2025-01-22,154.21112060546875,153.09899698893233,156.95146102905275,155.12303161621094
2025-01-23,157.10543823242188,155.14086608886723,157.90796610514326,154.21112060546875
2025-01-24,155.3411102294922,157.60499165852866,160.05244166056318,157.10543823242188
2025-01-27,153.6560821533203,158.7673451741537,158.1354774475098,155.3411102294922
2025-01-28,153.5668487548828,158.30413716634118,154.904345448812,153.6560821533203
2025-01-29,152.6053924560547,157.42593485514328,152.48067576090497,153.5668487548828
2025-01-30,155.83670043945312,156.09706827799482,149.9053632100424,152.6053924560547
2025-01-31,155.20233154296875,155.88626912434898,151.96028060913093,155.83670043945312
2025-02-03,155.41046142578125,155.25718383789064,153.59278310139976,155.20233154296875
2025-02-04,154.45895385742188,154.63536071777344,155.9982350667319,155.41046142578125
2025-02-05,155.93582153320312,154.58118286132816,155.69297383626312,154.45895385742188
2025-02-06,155.64837646484375,154.91884765625002,157.31095021565764,155.93582153320312
2025-02-07,155.07350158691406,155.79837239583335,156.53930867513026,155.64837646484375
2025-02-10,155.7970428466797,156.0745971679688,155.15198084513338,155.07350158691406
2025-02-11,156.0944061279297,156.20873819986983,155.1390665690105,155.7970428466797
2025-02-12,155.03382873535156,156.2952982584636,155.49820073445647,156.0944061279297
2025-02-13,153.68580627441406,155.5327351888021,155.67231750488287,155.03382873535156
2025-02-14,152.19900512695312,154.93074951171877,153.72891133626308,153.68580627441406
2025-02-18,153.3785400390625,153.70827128092452,151.39711659749355,152.19900512695312
2025-02-19,153.0117950439453,153.213330078125,151.21938400268556,153.3785400390625
2025-02-20,151.57455444335938,152.4534169514974,151.7455451965333,153.0117950439453
2025-02-21,148.03599548339844,151.60891621907555,150.82340138753264,151.57455444335938
2025-02-24,148.2738494873047,149.563091023763,147.52289301554364,148.03599548339844
2025-02-25,149.12628173828125,147.96659952799484,146.60616531372077,148.2738494873047
2025-02-26,149.81021118164062,147.35733540852868,147.3019739786784,149.12628173828125
2025-02-27,150.95999145507812,147.54565734863286,148.51453704833992,149.81021118164062
2025-02-28,153.42807006835938,148.33001708984378,150.58745574951175,150.95999145507812
2025-03-03,151.70339965820312,150.01372477213542,154.37002639770512,153.42807006835938
2025-03-04,148.03599548339844,150.628266398112,155.43640619913737,151.70339965820312
2025-03-05,151.17807006835938,150.1234293619792,151.61768697102866,148.03599548339844
2025-03-06,148.11524963378906,151.1337931315105,150.96201095581063,151.17807006835938
2025-03-07,148.4225311279297,150.65801289876308,147.03767573038746,148.11524963378906
2025-03-10,146.8167724609375,149.59214986165367,145.9387519836426,148.4225311279297
2025-03-11,147.02491760253906,147.92164204915366,144.61102269490564,146.8167724609375
2025-03-12,148.01612854003906,146.65884602864585,144.85897013346352,147.02491760253906
2025-03-13,147.61964416503906,146.11500651041672,146.92281188964844,148.01612854003906
2025-03-14,149.90931701660156,145.8387868245443,148.38285166422526,147.61964416503906
2025-03-17,152.0800323486328,147.35928039550785,150.3105857849121,149.90931701660156
2025-03-18,151.63624572753906,149.52273152669278,153.06050720214844,152.0800323486328
2025-03-19,155.2601318359375,150.5055847167969,155.12818272908538,151.63624572753906
2025-03-20,154.01907348632812,153.53586222330733,157.54646581014,155.2601318359375
2025-03-21,153.63185119628906,154.9808268229167,157.45898895263682,154.01907348632812
2025-03-24,156.98765563964844,155.95925598144532,155.60745569864912,153.63185119628906
2025-03-25,158.35777282714844,157.5045166015625,157.11778513590502,156.98765563964844
2025-03-26,156.0047607421875,158.97527058919272,158.8114382425945,158.35777282714844
2025-03-27,155.2501983642578,159.0136189778646,157.03793640136723,156.0047607421875
2025-03-28,152.13267517089844,158.11183776855472,155.59397099812824,155.2501983642578
2025-03-31,152.00360107421875,156.0649230957032,151.74622929890958,152.13267517089844
2025-04-01,153.10565185546875,154.39701232910159,149.15233510335295,152.00360107421875
2025-04-02,153.6715545654297,153.05667419433595,149.91599324544273,153.10565185546875
2025-04-03,146.72171020507812,152.81110636393228,150.65580113728845,153.6715545654297
2025-04-04,134.34100341796875,149.56055704752606,146.09553909301758,146.72171020507812
2025-04-07,134.82748413085938,141.740956624349,133.97778574625661,134.34100341796875
2025-04-08,136.41603088378906,136.29688618977872,127.96200790405283,134.82748413085938
2025-04-09,148.75704956054688,133.33094380696616,127.07441685994473,136.41603088378906
2025-04-10,146.02671813964844,136.13672180175786,140.33645426432292,148.75704956054688
2025-04-11,148.04217529296875,138.13233133951826,147.3996653238933,146.02671813964844
2025-04-14,149.78958129882812,140.71768290201823,154.88631795247397,148.04217529296875
2025-04-15,149.2335968017578,144.2402770996094,160.3887947082519,149.78958129882812
2025-04-16,148.58824157714844,147.98195902506512,160.0499076843262,149.2335968017578
2025-04-17,148.47903442382812,151.87454325358075,153.69805628458664,148.58824157714844
2025-04-21,145.41116333007812,154.20904032389325,146.39125569661465,148.47903442382812
2025-04-22,145.11331176757812,151.89771219889326,141.62844161987312,145.41116333007812
2025-04-23,149.16409301757812,148.8589609781901,140.27752482096363,145.11331176757812
2025-04-24,151.7653350830078,147.178412882487,146.36677754720057,149.16409301757812
2025-04-25,153.62191772460938,148.97942911783858,150.15097732543958,151.7653350830078
2025-04-28,154.6048583984375,150.59443766276044,155.43037516276044,153.62191772460938
2025-04-29,155.3097686767578,152.6337310791016,159.02513173421227,154.6048583984375
2025-04-30,155.7863311767578,154.98345133463542,160.22564519246424,155.3097686767578
2025-05-01,157.41458129882812,157.00752156575527,159.83132324218755,155.7863311767578
2025-05-02,160.20443725585938,159.07394816080733,159.44709294637047,157.41458129882812
2025-05-05,160.09523010253906,161.63877258300786,159.9443183898926,160.20443725585938
2025-05-06,158.9832763671875,162.56012166341154,160.30388336181647,160.09523010253906
2025-05-07,159.16195678710938,161.97832438151045,160.17301381429039,158.9832763671875
2025-05-08,162.26954650878906,161.6235432942709,159.6841918945313,159.16195678710938
2025-05-09,162.1603546142578,162.53893839518233,161.74465611775716,162.26954650878906
2025-05-12,164.4538116455078,163.20546468098962,162.40624618530282,162.1603546142578
2025-05-13,165.74449157714844,164.48226216634117,164.5137219746908,164.4538116455078
2025-05-14,165.92320251464844,165.8067108154297,166.71351648966476,165.74449157714844
2025-05-15,169.44778442382812,166.6340789794922,168.1522967020671,165.92320251464844
2025-05-16,170.70867919921875,168.62968851725265,171.68431498209642,169.44778442382812
2025-05-19,172.0589599609375,171.07140401204433,173.24654057820644,170.70867919921875
2025-05-20,172.1681671142578,173.32382710774743,174.0932833353679,172.0589599609375
2025-05-21,169.56692504882812,174.52583007812507,174.14192657470704,172.1681671142578
2025-05-22,168.9811553955078,173.85599161783858,171.54929504394534,169.56692504882812
2025-05-23,169.82505798339844,173.08687133789064,168.28733240763358,168.9811553955078
2025-05-27,174.0247802734375,172.17875366210944,167.48841807047532,169.82505798339844
2025-05-28,174.2432098388672,173.051133219401,170.88012415568042,174.0247802734375
2025-05-29,175.04739379882812,173.71700134277344,173.49609731038424,174.2432098388672
2025-05-30,175.97073364257812,174.1856180826823,176.7372105916341,175.04739379882812
2025-06-02,176.9635772705078,175.35517985026044,178.84499969482434,175.97073364257812
2025-06-03,178.0656280517578,176.82325439453123,180.21710917154942,176.9635772705078
2025-06-04,178.84996032714844,178.67523091634115,180.493778483073,178.0656280517578
2025-06-05,178.9492645263672,180.46961771647142,179.69105834960942,178.84996032714844
2025-06-06,180.65692138671875,181.16460876464845,179.09371515909834,178.9492645263672
2025-06-09,181.33206176757812,181.76096801757814,180.48350855509455,180.65692138671875
2025-06-10,177.8472137451172,182.07403971354168,182.3545191446941,181.33206176757812
2025-06-11,179.39601135253906,181.34596455891935,179.11870778401695,177.8472137451172
2025-06-12,178.1847686767578,181.0408274332683,178.42717234293616,179.39601135253906
2025-06-13,178.92941284179688,180.12212219238288,177.01950047810874,178.1847686767578
2025-06-16,178.0469207763672,179.53834025065106,177.14395650227868,178.92941284179688
2025-06-17,178.86181640625,178.66907450358076,176.8544166564942,178.0469207763672
2025-06-18,177.6692657470703,178.34742431640635,177.77686640421553,178.86181640625
2025-06-20,179.31895446777344,177.70482991536463,177.59788614908868,177.6692657470703
2025-06-23,181.87298583984375,177.8273050944011,179.52425155639665,179.31895446777344
2025-06-24,180.62081909179688,179.40212198893227,182.52314325968425,181.87298583984375
2025-06-25,180.9090118408203,180.57503865559897,182.10932896931968,180.62081909179688
2025-06-26,183.3537139892578,180.98135579427085,182.6827692667644,180.9090118408203
2025-06-27,186.38478088378906,182.5744466145834,184.24800643920892,183.3537139892578
2025-06-30,187.468017578125,184.79311930338542,187.7329182942708,186.38478088378906
2025-07-01,183.86056518554688,187.09699096679682,189.75538482666016,187.468017578125
2025-07-02,183.58230590820312,187.15331013997394,187.078784942627,183.86056518554688
2025-07-03,185.69908142089844,186.9280548095703,184.1330350240072,183.58230590820312
2025-07-07,186.9015655517578,186.91679687500005,184.6211591084799,185.69908142089844
2025-07-08,185.59970092773438,187.29112854003907,185.93627522786466,186.9015655517578
2025-07-09,187.73634338378906,187.3202819824219,184.70993932088214,185.59970092773438
2025-07-10,187.4779510498047,187.62173360188808,186.55671971639,187.73634338378906
2025-07-11,188.60092163085938,187.42231140136724,188.3183596293132,187.4779510498047
2025-07-14,192.4369354248047,187.88606872558603,190.40778834025068,188.60092163085938
2025-07-15,192.01956176757812,190.34270222981775,193.92446009318036,192.4369354248047
2025-07-16,193.2220458984375,192.51777242024744,193.89581527709967,192.01956176757812
2025-07-17,194.64315795898438,193.9084126790365,195.03056691487637,193.2220458984375
2025-07-18,194.89161682128906,195.16919657389323,196.82303568522138,194.64315795898438
2025-07-21,193.44065856933594,196.3564473470053,196.993318684896,194.89161682128906
2025-07-22,190.98602294921875,196.6711415608724,194.51131464640298,193.44065856933594
2025-07-23,195.66676330566406,195.22087809244798,190.9268920898438,190.98602294921875
2025-07-24,195.6170654296875,195.8535939534505,192.51777979532886,195.66676330566406
2025-07-25,197.03819274902344,195.86883138020835,194.23404159545913,195.6170654296875
2025-07-28,196.81954956054688,196.20937093098962,197.29425175984713,197.03819274902344
2025-07-29,196.00462341308594,196.922905476888,198.08232676188138,196.81954956054688
2025-07-30,197.40589904785156,196.90699564615883,197.95460433959974,196.00462341308594
2025-07-31,195.37855529785156,197.50658772786466,198.72480875651053,197.40589904785156
2025-08-01,194.56365966796875,197.3952819824219,196.41557617187496,195.37855529785156
2025-08-04,196.680419921875,196.97524719238288,193.42411117553718,194.56365966796875
2025-08-05,196.31271362304688,197.0368581136068,193.77310104370108,196.680419921875
2025-08-06,196.18353271484375,196.08083292643232,195.63363087972,196.31271362304688
2025-08-07,195.73634338378906,195.96622009277343,196.06311721801765,196.18353271484375
2025-08-08,195.22947692871094,195.62502746582032,196.31737976074214,195.73634338378906
2025-08-11,195.04066467285156,195.45210367838553,195.63014831542972,195.22947692871094
2025-08-12,197.0083770751953,195.26593119303388,194.95038706461588,195.04066467285156
2025-08-13,195.58724975585938,195.76812235514325,196.62609608968108,197.0083770751953
2025-08-14,194.77235412597656,196.00861918131517,195.58459777832041,195.58724975585938
2025-08-15,193.86801147460938,195.5037760416667,194.64498087565116,194.77235412597656
2025-08-18,194.7127227783203,194.46030375162758,193.99157155354814,193.86801147460938
2025-08-19,192.03944396972656,194.36556193033863,193.9572837829591,194.7127227783203
2025-08-20,193.102783203125,193.2346333821615,191.67771174112974,192.03944396972656
2025-08-21,193.74874877929688,192.77947692871098,191.42544631958012,193.102783203125
2025-08-22,194.5934600830078,192.66883951822922,192.30609359741212,193.74874877929688
2025-08-25,194.14627075195312,192.89342854817716,194.21598154703796,194.5934600830078
2025-08-26,198.737548828125,192.9311930338542,195.50178909301775,194.14627075195312
2025-08-27,198.0021514892578,195.38981831868492,199.5040888468426,198.737548828125
2025-08-28,198.9164276123047,197.0600392659506,200.86789932251003,198.0021514892578
2025-08-29,197.187255859375,198.71767171223962,201.73795445760098,198.9164276123047
2025-09-02,197.26675415039062,199.16620585123704,199.98194452921555,197.187255859375
2025-09-03,195.71646118164062,199.65051269531256,197.519677480062,197.26675415039062
2025-09-04,197.28663635253906,198.6315592447917,195.04979756673185,195.71646118164062
2025-09-05,196.8990478515625,198.2790985107422,194.94329833984386,197.28663635253906
2025-09-08,196.4220428466797,197.66493631998702,194.92705307006833,196.8990478515625
2025-09-09,195.0108642578125,196.8752085367839,195.01517359415692,196.4220428466797
2025-09-10,197.6642608642578,195.2798533121745,195.29392445882172,195.0108642578125
2025-09-11,198.82699584960938,195.9125579833985,197.05705490112308,197.6642608642578
2025-09-12,198.18104553222656,196.88580322265634,199.44644546508792,198.82699584960938
2025-09-15,200.56613159179688,197.78948567708338,199.5261291503908,198.18104553222656
2025-09-16,201.3840789794922,199.2351155598959,201.67321065266924,200.56613159179688
2025-09-17,200.01751708984375,200.8038655598959,203.03562113444028,201.3840789794922
2025-09-18,202.46136474609375,201.138091023763,202.62661132812505,200.01751708984375
2025-09-19,202.89027404785156,202.58183186848964,203.40877431233724,202.46136474609375
2025-09-22,203.77804565429688,203.74879760742192,203.54168497721352,202.89027404785156
2025-09-23,205.64337158203125,204.7442555745443,203.92405878702812,203.77804565429688
2025-09-24,203.15960693359375,205.61912943522142,206.3937698364258,205.64337158203125
2025-09-25,202.60101318359375,205.4992360432943,204.873043314616,203.15960693359375
2025-09-26,205.1845245361328,205.09961140950526,202.79320602416996,202.60101318359375
2025-09-29,204.92518615722656,205.30953674316413,204.33532918294287,205.1845245361328
2025-09-30,208.735595703125,205.5848510742188,204.53168309529624,204.92518615722656
2025-10-01,208.72561645507812,207.311844889323,207.71750233968092,208.735595703125
2025-10-02,208.8553009033203,208.18032938639325,210.35901489257822,208.72561645507812
2025-10-03,209.02487182617188,209.1718404134116,211.3139467875162,208.8553009033203
2025-10-06,212.01736450195312,209.91929321289066,211.5427062988282,209.02487182617188
2025-10-07,212.4263458251953,211.6915089925131,213.56680145263678,212.01736450195312
2025-10-08,214.62081909179688,213.5754496256511,213.3551801045736,212.4263458251953
2025-10-09,210.7106475830078,215.22264404296877,215.05640335083004,214.62081909179688
2025-10-10,205.52366638183594,214.39273071289065,212.68868637084978,210.7106475830078
2025-10-13,208.595947265625,211.63631896972663,205.82175903320316,205.52366638183594
2025-10-14,210.22186279296875,210.01705322265627,205.36788330078122,208.595947265625
2025-10-15,207.15956115722656,209.81954549153653,206.29172363281248,210.22186279296875
2025-10-16,205.73313903808594,208.29537150065107,204.86149037679039,207.15956115722656
2025-10-17,205.4139404296875,206.33961486816403,203.81179428100594,205.73313903808594
2025-10-20,209.08473205566406,204.50954182942712,204.49707794189464,205.4139404296875
2025-10-21,212.82533264160156,205.18651224772145,208.46745198567714,209.08473205566406
2025-10-22,210.0123748779297,207.6642934163412,214.39905242919923,212.82533264160156
2025-10-23,215.17941284179688,209.57548522949227,213.31525548299157,210.0123748779297
2025-10-24,216.31655883789062,212.81800944010416,216.57356999715182,215.17941284179688
2025-10-27,218.3514404296875,214.83427937825522,220.62057495117176,216.31655883789062
2025-10-28,216.99485778808594,217.76425069173183,223.0609425862631,218.3514404296875
2025-10-29,216.90509033203125,219.93480021158857,220.53662592569992,216.99485778808594
2025-10-30,214.77044677734375,220.80129597981775,217.88612721761075,216.90509033203125
2025-10-31,215.2492218017578,219.78385314941414,214.13305689493816,214.77044677734375
2025-11-03,214.44126892089844,218.27031351725267,213.19389750162773,215.2492218017578
2025-11-04,211.22933959960938,216.7567850748698,212.0170186360678,214.44126892089844
2025-11-05,208.945068359375,214.59887593587243,207.94557723999029,211.22933959960938
2025-11-06,207.0498504638672,210.88353576660157,206.18450139363608,208.945068359375
2025-11-07,208.51614379882812,207.85913899739583,203.8965993245443,207.0498504638672
2025-11-10,210.44131469726562,206.26646931966147,205.15675608317048,208.51614379882812
2025-11-11,209.9824676513672,206.50653076171884,208.0376892089844,210.44131469726562
2025-11-12,209.11465454101562,206.72863972981773,210.2963493347169,209.9824676513672
2025-11-13,204.5261688232422,207.04717814127608,210.85345128377278,209.11465454101562
2025-11-14,205.42393493652344,205.48044637044276,207.49121780395512,204.5261688232422
2025-11-17,203.2992401123047,205.08344624837244,205.55975697835302,205.42393493652344
2025-11-18,202.25189208984375,204.27613321940112,201.75496164957687,203.2992401123047
2025-11-19,202.6209716796875,202.93616841634125,198.99024556477883,202.25189208984375
2025-11-20,198.2718963623047,201.73319295247398,198.8196886698405,202.6209716796875
2025-11-21,197.73324584960938,198.7068023681641,196.8381652832033,198.2718963623047
2025-11-24,200.1870880126953,196.44116007486986,196.32395858764647,197.73324584960938
2025-11-25,201.8927764892578,196.3892934163412,198.52061182657883,200.1870880126953
2025-11-26,203.1895294189453,197.58095804850268,201.59004592895516,201.8927764892578
2025-11-28,204.58602905273438,199.59921976725263,204.09208628336594,203.1895294189453
2025-12-01,198.74072265625,201.34749348958337,207.71815236409506,204.58602905273438
2025-12-02,200.80552673339844,200.99305826822916,203.32053858439122,198.74072265625
2025-12-03,201.11474609375,201.34350687662766,201.9370229085286,200.80552673339844
2025-12-04,204.1571044921875,201.7045979817709,200.82514877319346,201.11474609375
2025-12-05,201.90277099609375,203.45686340332034,201.64641698201498,204.1571044921875
2025-12-08,203.83792114257812,203.04523315429694,201.2289655049642,201.90277099609375
2025-12-09,202.1222381591797,203.0219645182292,203.7808972676596,203.83792114257812
2025-12-10,203.92767333984375,202.5598022460937,203.833270263672,202.1222381591797
2025-12-11,207.74807739257812,203.14565429687502,205.1730552673339,203.92767333984375
2025-12-12,208.88522338867188,205.46980895996103,208.5794891357422,207.74807739257812
2025-12-15,209.11465454101562,208.31731872558595,209.65229110717766,208.88522338867188
2025-12-16,207.4288787841797,209.41123962402347,211.6015625000002,209.11465454101562
2025-12-17,204.28677368164062,209.68986918131515,210.36150512695318,207.4288787841797
2025-12-18,207.72813415527344,208.35255839029952,206.40660883585633,204.28677368164062
2025-12-19,213.3739471435547,208.9916188557943,205.56024525960285,207.72813415527344
2025-12-22,218.81028747558594,211.0497802734375,210.81870752970391,213.3739471435547
2025-12-23,219.13946533203125,215.03377278645834,218.28644434610996,218.81028747558594
2025-12-24,219.64817810058594,217.69376322428388,223.6828811645509,219.13946533203125
2025-12-26,217.52352905273438,219.90420633951834,226.74036127726245,219.64817810058594
2025-12-29,216.45620727539062,221.23553059895835,224.21139119466136,217.52352905273438
2025-12-30,215.79786682128906,221.79146830240887,219.2960764567058,216.45620727539062
2025-12-31,214.15200805664062,221.64051920572916,213.70130132039398,215.79786682128906
2026-01-02,221.45364379882812,219.9361389160157,208.57801513671888,214.15200805664062
2026-01-05,225.91244506835938,219.86630961100266,214.87135772705085,221.45364379882812
2026-01-06,229.6331024169922,221.35323893229176,224.74471079508473,225.91244506835938
2026-01-07,225.84263610839844,224.62169392903655,234.25664647420246,229.6331024169922
2026-01-08,226.86004638671875,226.73970947265633,234.36388804117837,225.84263610839844
2026-01-09,232.3861846923828,228.88364664713546,233.22854868570977,226.86004638671875
2026-01-12,235.95721435546875,232.85899047851564,234.8282071431478,232.3861846923828
2026-01-13,236.94473266601562,236.84697265625002,237.3274350484212,235.95721435546875
2026-01-14,238.5606689453125,239.71643066406253,238.26757939656582,236.94473266601562
2026-01-15,240.6055450439453,241.69080403645842,239.55201772054028,238.5606689453125
2026-01-16,243.1591339111328,242.5267120361329,243.55496622721364,240.6055450439453
2026-01-20,237.30381774902344,244.56758931477864,246.71055018107097,243.1591339111328
2026-01-21,239.6678924560547,244.00832112630218,241.31758117675795,237.30381774902344
2026-01-22,235.2290496826172,244.6274332682292,237.47207463582356,239.6678924560547
2026-01-23,234.48092651367188,241.7912312825521,232.3250015258789,235.2290496826172
2026-01-26,232.795166015625,238.30132853190105,230.32719472249343,234.48092651367188
2026-01-27,236.42605590820312,235.10269978841154,228.34468002319338,232.795166015625
2026-01-28,233.10438537597656,234.2814361572266,231.34798100789396,236.42605590820312
2026-01-29,232.1966552734375,232.36358642578134,231.79335530598956,233.10438537597656
2026-01-30,231.79766845703125,230.76958414713545,232.38469136555997,232.1966552734375
2026-02-02,230.5807342529297,229.98555501302084,232.6438713073732,231.79766845703125
2026-02-03,233.90237426757812,229.9829010009766,230.2472264607748,230.5807342529297
2026-02-04,227.4286346435547,230.58604532877607,233.39149068196627,233.90237426757812
2026-02-05,225.6132049560547,229.45687662760423,228.0786659240723,227.4286346435547
2026-02-06,233.34378051757812,227.23379516601568,224.20473734537768,225.6132049560547
2026-02-09,234.25149536132812,228.5445007324219,229.591874186198,233.34378051757812
2026-02-10,232.62559509277344,229.8445658365886,235.1396021525066,234.25149536132812
2026-02-11,230.3712615966797,231.365419514974,235.3844930013022,232.62559509277344
2026-02-12,231.94729614257812,231.35212504069017,233.47845637003587,230.3712615966797
2026-02-13,234.28140258789062,231.9093912760417,233.32418111165364,231.94729614257812
2026-02-17,237.57315063476562,233.31052754720054,234.80842437744138,234.28140258789062
2026-02-18,239.7177734375,235.5382649739584,238.54320119222004,237.57315063476562
2026-02-19,242.87982177734375,239.0434611002605,239.96364237467446,239.7177734375
2026-02-20,243.03941345214844,241.69945271809902,244.6379025777182,242.87982177734375
2026-02-23,240.65541076660156,242.90508728027348,248.86095377604158,243.03941345214844
2026-02-24,242.5007781982422,244.05686035156256,246.1491060892742,240.65541076660156
2026-02-25,240.61550903320312,245.70139567057288,243.7995211283366,242.5007781982422
2026-02-26,242.2115020751953,245.60829772949228,239.57928822835294,240.61550903320312
2026-02-27,243.1092529296875,245.01978047688803,239.17612965901705,242.2115020751953
2026-03-02,249.95205688476562,244.42129007975262,240.47619501749682,243.1092529296875
2026-03-03,244.36607360839844,246.4382191975912,248.2819234212239,249.95205688476562
2026-03-04,246.35110473632812,246.05384419759113,247.96653467814127,244.36607360839844
2026-03-05,239.43846130371094,246.58251953125006,249.20343017578136,246.35110473632812
2026-03-06,241.5930633544922,244.7471282958985,242.16610412597666,239.43846130371094
2026-03-09,241.3835906982422,244.0455596923829,238.91428833007808,241.5930633544922
2026-03-10,239.11927795410156,242.7208913167319,237.75587463378915,241.3835906982422
2026-03-11,238.0818634033203,240.93405049641936,235.08874409993496,239.11927795410156
2026-03-12,230.909912109375,238.45493876139327,234.60876642862968,238.0818634033203
2026-03-13,228.76527404785156,233.70155436197925,229.48216222127294,230.909912109375
2026-03-16,232.22659301757812,229.08315429687508,226.6534172058106,228.76527404785156
2026-03-17,232.46713256835938,228.63029479980472,226.83063888549805,232.22659301757812
2026-03-18,230.9998779296875,227.9657531738282,229.64876327514645,232.46713256835938
2026-03-19,226.8975067138672,228.03691406250007,229.49687118530284,230.9998779296875
2026-03-20,222.14634704589844,225.64717000325524,228.5219894409181,226.8975067138672
2026-03-23,222.9348907470703,222.7675862630209,223.60365727742533,222.14634704589844
2026-03-24,222.22621154785156,221.44400838216146,221.18597971598308,222.9348907470703
2026-03-25,225.4402313232422,220.46305541992194,219.41189651489262,222.22621154785156
2026-03-26,219.71087646484375,221.6172709147136,220.741635131836,225.4402313232422
2026-03-27,215.6384735107422,219.409999593099,218.86979014078779,219.71087646484375
2026-03-30,210.39822387695312,215.748465983073,216.36598281860356,215.6384735107422
2026-03-31,218.3434295654297,211.78897094726565,210.16033045450857,210.39822387695312
2026-04-01,223.22434997558594,212.5269266764323,213.7155443827312,218.3434295654297
2026-04-02,221.49757385253906,215.76756286621105,220.2824872334799,223.22434997558594
2026-04-06,224.7814483642578,217.74189147949224,223.1335248311361,221.49757385253906
2026-04-07,222.88497924804688,220.12278951009117,229.02039922078453,224.7814483642578
2026-04-08,231.73851013183594,221.7797047932943,229.97528559366867,222.88497924804688
2026-04-09,231.32925415039062,226.7923787434896,237.28285598754888,231.73851013183594
2026-04-10,229.21319580078125,231.86426900227866,236.81837056477872,231.32925415039062
2026-04-13,232.37730407714844,234.16930643717458,232.42255274454766,229.21319580078125
2026-04-14,234.992431640625,236.02052510579432,231.5904294331869,232.37730407714844
2026-04-15,233.56509399414062,236.40447285970055,235.87794291178378,234.992431640625
2026-04-16,228.60433959960938,236.6965932210288,235.69595489501964,233.56509399414062
2026-04-17,231.50892639160156,235.2912129720052,229.03370564778646,228.60433959960938
2026-04-20,231.41909790039062,234.2285278320313,228.40271326700855,231.50892639160156
2026-04-21,222.6753692626953,233.33818766276045,227.88584849039717,231.41909790039062
2026-04-22,218.74269104003906,228.00212097167974,222.50902303059902,222.6753692626953
2026-04-23,218.70277404785156,223.46789855957036,214.48711446126313,218.74269104003906
2026-04-24,215.39892578125,219.67496236165368,211.0634930928549,218.70277404785156
2026-04-27,215.6384735107422,214.83796997070317,209.5203684488932,215.39892578125
2026-04-28,215.80816650390625,211.86151021321618,210.800979868571,215.6384735107422
2026-04-29,212.74386596679688,210.7662170410157,212.58117370605484,215.80816650390625
2026-04-30,218.15379333496094,209.34353129069018,211.98195648193368,212.74386596679688
2026-05-01,215.8680419921875,210.15003051757816,219.17239863077793,218.15379333496094
2026-05-04,213.93165588378906,211.51348876953128,220.36450449625642,215.8680419921875
2026-05-05,214.9697265625,213.12116394042977,216.6038401285807,213.93165588378906
2026-05-06,223.0047607421875,213.97823588053393,215.70252482096356,214.9697265625
2026-05-07,222.09645080566406,217.51431681315108,222.747076924642,223.0047607421875
2026-05-08,223.07464599609375,220.39229125976564,225.00620193481458,222.09645080566406
2026-05-11,225.5699920654297,222.55427246093754,227.0351036071778,223.07464599609375
2026-05-12,224.97109985351562,225.26655680338544,229.21920623779297,225.5699920654297
2026-05-13,225.29052734375,227.12243448893227,228.35680185953768,224.97109985351562
2026-05-14,224.04283142089844,227.67807413736986,228.37012379964187,225.29052734375
2026-05-15,216.8662109375,228.34083862304698,224.30418319702156,224.04283142089844
2026-05-18,219.8206787109375,225.13081868489587,215.02547073364252,216.8662109375
2026-05-19,217.91424560546875,222.51967163085945,213.77677205403648,219.8206787109375
2026-05-20,222.86502075195312,219.0301686604818,213.99037373860682,217.91424560546875
2026-05-21,222.73526000976562,219.4673502604167,218.09323145548518,222.86502075195312
2026-05-22,224.9511260986328,219.6197275797527,222.1092549641928,222.73526000976562
2026-05-26,229.06349182128906,220.87671610514326,227.35714035034195,224.9511260986328
2026-05-27,230.0516357421875,224.31897786458336,233.30059229532878,229.06349182128906
2026-05-28,235.13218688964844,227.76389261881516,236.56917648315428,230.0516357421875
2026-05-29,235.00242614746094,232.98750610351567,240.40453898111977,235.13218688964844
2026-06-01,229.48269653320312,237.1703857421876,239.38876825968424,235.00242614746094
2026-06-02,227.9056396484375,236.50096842447914,233.9374041239421,229.48269653320312
2026-06-03,224.47203063964844,235.14748738606775,227.2447049458822,227.9056396484375
2026-06-04,231.13961791992188,231.37318318684908,221.20128657023128,224.47203063964844
2026-06-05,229.0235595703125,231.14893493652352,223.3143516540527,231.13961791992188
2026-06-08,226.83761596679688,229.492020670573,224.71507873535157,229.0235595703125
2026-06-09,230.02169799804688,227.13240661621097,225.40811640421572,226.83761596679688
2026-06-10,224.45205688476562,227.01729024251307,229.43195673624686,230.02169799804688
2026-06-11,235.60130310058594,224.8739420572917,228.04054260253906,224.45205688476562
2026-06-12,233.35548400878906,228.91841125488284,235.50031916300463,235.60130310058594
2026-06-15,237.12510681152344,231.99867553710945,236.01452814737985,233.35548400878906
2026-06-16,239.24267578125,235.22465718587245,239.49419733683285,237.12510681152344
2026-06-17,242.5088653564453,238.3676239013673,242.63652954101565,239.24267578125
2026-06-18,238.71328735351562,241.14563496907556,248.15527343750006,242.5088653564453
2026-06-22,235.2373046875,242.98098246256512,244.2552350362144,238.71328735351562
2026-06-23,235.6568145751953,242.35674336751305,237.0654327392578,235.2373046875
2026-06-24,235.91651916503906,240.9031402587891,233.0757260640462,235.6568145751953
2026-06-25,237.1051483154297,239.81456095377612,229.9490239461264,235.91651916503906
2026-06-26,236.50582885742188,237.32320760091145,233.46256103515645,237.1051483154297
2026-06-29,238.85311889648438,236.7217193603516,233.56920140584322,236.50582885742188
2026-06-30,242.13929748535156,236.39996032714856,238.09049809773782,238.85311889648438
2026-07-01,243.57763671875,238.03139648437505,244.07106297810893,242.13929748535156
2026-07-02,247.9026336669922,240.46857401529957,248.4318372090659,243.57763671875
2026-07-06,250.4896240234375,245.21773681640627,251.94910964965814,247.9026336669922
2026-07-07,244.82618713378906,249.62995707194017,254.86472244262703,250.4896240234375
2026-07-08,239.3525390625,250.06478474934903,250.6049891153972,244.82618713378906
2026-07-09,239.34254455566406,247.78276367187505,241.56164474487306,239.3525390625
2026-07-10,238.78318786621094,245.3196177164714,235.56259613037108,239.34254455566406
2026-07-13,234.77784729003906,242.7212951660157,231.70905253092457,238.78318786621094
2026-07-14,234.99758911132812,238.2491485595704,228.055967203776,234.77784729003906
2026-07-15,236.14625549316406,234.6060414632162,228.49229609171573,234.99758911132812
2026-07-16,230.62265014648438,232.5557505289714,231.99473953247065,236.14625549316406
2026-07-17,230.4628448486328,229.07911071777346,231.55457712809246,230.62265014648438
2026-07-20,229.00453186035156,227.55554707845053,231.2096430460613,230.4628448486328
2026-07-21,229.4739990234375,227.3011749267578,228.03115921020503,229.00453186035156
2026-07-22,230.8424072265625,227.15667928059895,227.12588577270506,229.4739990234375
2026-07-23,237.9541473388672,227.12338663736986,229.65545171101888,230.8424072265625
2026-07-24,239.86195373535156,230.4994669596355,237.78268280029295,237.9541473388672
2026-07-27,243.62757873535156,234.58206787109384,243.6315813700358,239.86195373535156
2026-07-28,244.6963348388672,239.03091023763025,250.47763926188156,243.62757873535156
2026-07-29,235.98643493652344,243.37587076822922,253.4666656494141,244.6963348388672
2026-07-30,237.85427856445312,243.8965993245443,243.40882288614918,235.98643493652344
2026-07-31,239.38250732421875,243.7021586100261,237.95549011230477,237.85427856445312
2026-08-03,245.79507446289062,243.59428609212245,234.9476504007975,239.38250732421875
2026-08-04,250.35977172851562,245.06791280110687,239.68583145141625,245.79507446289062
2026-08-05,251.98788452148438,247.37324015299487,248.06410725911462,250.35977172851562
2026-08-06,249.70054626464844,249.30233662923183,256.2251373291015,251.98788452148438
2026-08-07,250.45965576171875,250.8032633463542,257.40810902913404,249.70054626464844
2026-08-10,250.8392333984375,252.33348897298185,257.3326866149904,250.45965576171875
2026-08-11,251.6083221435547,254.31319885253913,254.2982159932455,250.8392333984375
2026-08-12,251.32864379882812,256.40476888020834,249.50776189168295,251.6083221435547
2026-08-13,249.40089416503906,255.6010284423829,248.20376841227215,251.32864379882812
2026-08-14,252.9268035888672,253.5014658610027,246.48959833780933,249.40089416503906
2026-08-17,250.9091339111328,252.45002034505214,250.73451283772798,252.9268035888672
2026-08-18,251.86802673339844,251.39857177734382,251.6640925089519,250.9091339111328
2026-08-19,245.86497497558594,251.6069956461589,252.31533915201837,251.86802673339844
2026-08-20,237.28492736816406,249.74781188964852,246.39586156209324,245.86497497558594
2026-08-21,237.065185546875,244.25484619140627,235.95279973347982,237.28492736816406
2026-08-24,233.12974548339844,239.70412089029955,230.44319432576506,237.065185546875
2026-08-25,234.02871704101562,234.57340494791666,225.49392700195315,233.12974548339844
2026-08-26,236.10630798339844,231.18800048828132,225.49627253214533,234.02871704101562
2026-08-27,233.98875427246094,229.73102518717454,230.0240358988445,236.10630798339844
2026-08-28,232.55043029785156,227.92778422037767,234.19802373250343,233.98875427246094
2026-08-31,228.08560180664062,227.5169321695964,235.4985160827637,232.55043029785156
2026-09-01,225.19894409179688,226.1405283610026,232.56807581583664,228.08560180664062
2026-09-02,223.11135864257812,225.38673502604172,225.85451482137043,225.19894409179688
2026-09-03,225.7183380126953,223.9750325520834,219.43944396972685,223.11135864257812
2026-09-04,225.34877014160156,222.8350168863933,220.4369519551596,225.7183380126953
2026-09-08,223.27117919921875,222.2596822102865,221.51304168701188,225.34877014160156
2026-09-09,219.19590759277344,220.58495483398437,222.82486241658535,223.27117919921875
2026-09-10,218.0672149658203,218.17708231608074,220.99215977986657,219.19590759277344
2026-09-11,218.75640869140625,216.86061096191415,218.3197593688965,218.0672149658203
2026-09-14,216.51901245117188,216.45774230957036,217.4857231140137,218.75640869140625
2026-09-15,214.0,215.7918518066407,214.55329208374027,216.51901245117188
2026-09-16,215.27000427246094,213.99649658203128,211.4851097106934,214.0
2026-09-17,213.7899932861328,212.878407796224,212.27189254760756,215.27000427246094
